transaction_id,quality_score,lineage_confidence,risk_score,aml_flag,ofac_flag,transaction_date
1,92.96714153011233,62.10630930547131,56,0,0,2025-03-27
2,86.61735698828815,74.67537987064597,35,0,0,2025-03-23
3,94.47688538100692,80.03673359894027,52,0,0,2025-03-24
4,100.0,100.0,29,0,0,2025-03-12
5,85.65846625276664,91.6786374944051,96,0,0,2025-03-06
6,85.6586304305082,68.9742211708013,66,0,0,2025-02-08
7,100.0,90.83243547301164,40,0,0,2025-02-26
8,95.67434729152909,66.43235213273961,74,0,0,2025-03-24
9,83.30525614065049,97.99229264664488,53,1,0,2025-03-10
10,93.42560043585965,79.34650417818546,92,0,0,2025-03-28
11,83.36582307187538,83.87636573512995,99,0,0,2025-01-07
12,83.34270246429743,100.0,73,0,0,2025-03-22
13,90.41962271566034,69.554037176989,95,0,0,2025-02-09
14,68.86719755342202,68.2345817786441,84,0,0,2025-03-18
15,70.75082167486967,77.99680808384794,26,0,0,2025-01-24
16,82.37712470759027,97.4605462122318,90,0,0,2025-01-04
17,77.87168879665576,66.7678470942779,81,1,0,2025-03-12
18,91.14247332595274,51.014132822673176,88,0,0,2025-02-28
19,78.91975924478788,79.58609369909202,96,0,0,2025-02-17
20,73.87696298664709,91.62088959893104,73,0,0,2025-02-15
21,100.0,99.40314099686594,96,0,0,2025-02-03
22,85.74223699513465,79.44206365497521,92,0,1,2025-03-02
23,88.67528204687923,80.06288071460797,80,0,0,2025-03-27
24,73.75251813786544,98.84680881106897,86,0,0,2025-02-28
25,82.55617275474818,62.563099603654955,54,0,0,2025-03-04
26,89.10922589709867,80.33775069780388,99,0,0,2025-03-01
27,76.49006422577698,87.28508667910069,89,0,0,2025-03-31
28,91.75698018345672,90.39062465542041,7,1,0,2025-02-25
29,81.99361310081196,78.8823196817094,54,0,0,2025-02-06
30,85.08306250206724,85.41329214047009,87,0,0,2025-01-23
31,81.98293387770603,55.140071759044126,9,0,0,2025-02-08
32,100.0,77.10101905199382,3,0,0,2025-01-19
33,87.86502775262066,90.44210455065361,75,0,0,2025-02-26
34,77.422890710441,73.21247158894384,55,0,0,2025-01-20
35,96.22544912103189,85.70781065907516,73,0,0,2025-01-10
36,75.79156350028978,90.36247000963237,43,1,0,2025-03-14
37,90.08863595004756,80.88940958970682,27,0,0,2025-03-07
38,68.40329876120225,87.04556525195885,90,0,0,2025-01-27
39,74.71813951101569,73.44720921658465,81,0,0,2025-02-23
40,89.96861235869123,82.52066464364744,33,0,0,2025-02-21
41,95.3846657999541,92.32259403507067,53,1,0,2025-03-05
42,89.7136828118997,86.88367553162121,85,0,0,2025-01-24
43,86.8435171761176,77.96162476523277,12,1,0,2025-03-10
44,84.98896304410711,87.69059685148952,24,0,0,2025-02-10
45,73.21478009632573,93.57531748763941,12,0,0,2025-02-20
46,80.80155791605291,60.400704657070264,94,0,0,2025-01-13
47,83.39361229040213,98.90888877947077,92,0,0,2025-02-09
48,98.57122226218915,80.96494313582714,92,1,1,2025-01-26
49,91.43618289568461,90.10587919888276,91,0,0,2025-02-22
50,70.36959844637266,99.36696308374273,89,0,0,2025-01-12
51,91.24083969394795,68.53991563323441,79,0,0,2025-01-04
52,84.14917719583684,76.48670797086945,88,0,0,2025-03-21
53,81.23077999694041,81.53741564949155,6,0,0,2025-02-16
54,94.11676288840867,75.59495774650686,87,0,0,2025-01-09
55,98.30999522495951,100.0,93,0,0,2025-01-12
56,97.31280119116198,74.71873487407849,81,0,0,2025-02-28
57,79.60782476777362,78.3334386461576,59,0,0,2025-02-24
58,84.90787624148786,87.45266837923572,46,0,0,2025-01-24
59,91.31263431403563,70.57420568708693,88,0,0,2025-02-15
60,97.75545127122359,80.25183145892484,90,0,0,2025-02-19
61,83.2082576215471,88.80943913500211,95,0,0,2025-01-23
62,86.14341023336183,81.00567514740986,57,0,0,2025-02-11
63,76.93665025993971,83.87935769320062,92,0,0,2025-02-01
64,76.0379337591933,78.64801465061954,84,0,0,2025-01-12
65,96.12525822394198,66.8263562898308,96,0,0,2025-02-07
66,100.0,88.85911853607087,82,0,0,2025-03-13
67,87.27989878419666,100.0,81,0,1,2025-03-29
68,98.03532897892023,85.22081956940126,84,0,0,2025-01-26
69,91.61636025047635,87.70316940697059,92,0,0,2025-02-04
70,81.54880245394875,93.31267306140231,98,0,0,2025-01-06
71,91.61395605508415,69.7680340414396,12,0,0,2025-03-10
72,100.0,100.0,8,0,0,2025-02-11
73,87.64173960890048,87.42794555707363,98,0,0,2025-02-27
74,100.0,100.0,82,1,0,2025-01-29
75,61.80254895910255,76.20360405371213,86,0,0,2025-03-06
76,96.21902504375224,100.0,80,0,0,2025-02-18
77,88.87047068238171,94.3018659284174,15,0,0,2025-02-07
78,85.00992649534132,91.6364810302283,92,0,0,2025-01-04
79,88.91760776535503,87.80829345223778,92,0,0,2025-02-19
80,68.12431085399108,82.01765658310661,51,0,1,2025-03-19
81,85.80328112162488,99.40637990168648,51,0,0,2025-02-05
82,91.57112571511746,86.68431843817656,94,0,0,2025-02-16
83,100.0,61.395163556954174,12,0,0,2025-03-08
84,82.81729781726352,71.59376245951597,96,0,0,2025-03-02
85,79.91506397106812,82.76985097368703,42,1,0,2025-03-21
86,82.98242956415463,88.71998779798666,85,0,0,2025-03-06
87,97.15402117702074,84.32093813320125,97,0,0,2025-03-31
88,91.28751109659684,99.62764947752396,89,0,0,2025-02-18
89,82.70239796232961,61.586777631536506,69,1,0,2025-01-22
90,93.13267433113356,86.72305523806192,90,0,0,2025-02-26
91,88.9707754934804,63.18424929535414,57,0,0,2025-03-31
92,97.68644990532889,94.11654754581002,46,0,0,2025-01-18
93,80.97946906122648,83.86649542669596,99,0,0,2025-01-08
94,84.72337853402232,90.03531966428942,92,0,0,2025-03-16
95,84.07891846867842,74.6334044729228,88,0,0,2025-02-18
96,73.36485051867882,100.0,59,1,0,2025-01-24
97,90.96120277064576,97.50069596870621,8,0,0,2025-01-26
98,90.6105527217989,92.00253163614265,5,0,0,2025-01-19
99,88.05113456642461,83.44579303763871,83,0,0,2025-01-16
100,85.65412866624852,91.95828742354159,92,0,0,2025-03-07
101,73.84629257949585,76.51728918415182,82,0,1,2025-02-10
102,83.79354677234642,95.26666790824855,95,0,0,2025-03-23
103,84.57285483473231,100.0,5,0,0,2025-01-25
104,79.9772273077838,97.84732671975024,61,0,0,2025-02-10
105,86.3871428833399,76.24477036231109,39,1,0,2025-02-22
106,92.04050856814538,89.33700780727723,74,0,0,2025-01-17
107,100.0,69.48230147489623,12,1,0,2025-01-03
108,89.74577812831839,91.8686837341081,98,0,0,2025-01-04
109,90.57550390722764,90.40724095435047,37,0,0,2025-03-19
110,87.25554084233833,62.56220392561403,97,0,0,2025-01-05
111,68.81228784700959,71.05859387305163,70,0,0,2025-01-25
112,87.73486124550783,81.6023332390748,99,0,0,2025-01-28
113,88.60230209941027,81.38968303431008,83,0,0,2025-03-06
114,100.0,70.48627677497433,97,0,0,2025-03-01
115,86.07639035218878,89.6677447522262,0,0,0,2025-02-11
116,91.01547342333612,88.01768330728615,92,0,0,2025-02-15
117,87.65288230294756,82.66877041625777,96,0,0,2025-02-27
118,76.31321962380468,75.93050199809964,23,0,0,2025-02-23
119,99.4282281451502,97.58448551699877,16,0,1,2025-03-29
120,95.51933032686775,100.0,70,0,0,2025-02-13
121,95.91031947043047,79.19726219384155,97,0,0,2025-01-01
122,78.9061254520526,77.65399699414215,83,0,0,2025-03-25
123,100.0,90.89449198494395,82,0,0,2025-03-18
124,73.98148937207719,80.70364744303616,23,0,0,2025-01-02
125,93.8685709380027,83.3272335920412,0,0,0,2025-01-01
126,100.0,93.87583782069606,94,0,0,2025-01-08
127,78.09463674869312,62.087726949912486,14,0,0,2025-02-01
128,82.33702270397228,100.0,87,0,0,2025-03-17
129,88.99651365087641,85.8721662919521,97,0,0,2025-02-04
130,82.965243458838,80.06208226525384,34,0,0,2025-02-04
131,72.49336568933867,83.92919014934262,89,0,0,2025-03-09
132,88.68562974806028,84.54915226024623,13,0,0,2025-02-15
133,77.37696286273895,64.2255843586609,86,0,0,2025-01-22
134,92.73592430635182,100.0,27,0,0,2025-03-15
135,78.80575765766197,85.49590758724742,91,0,0,2025-02-20
136,100.0,90.3160255653685,50,0,0,2025-02-10
137,80.16746707663764,96.41859724688851,77,0,0,2025-02-27
138,84.77938483794324,72.7460505092764,85,0,0,2025-03-04
139,96.1351721736967,90.68166278842274,28,0,1,2025-03-29
140,75.69135683566044,81.78830690921448,91,0,0,2025-02-18
141,90.2745993460413,95.16124930259792,50,0,0,2025-03-17
142,100.0,59.473270955782056,89,0,0,2025-02-13
143,71.92516765438772,83.81086839710477,26,0,0,2025-03-09
144,89.84633858532304,77.76615213059246,90,0,0,2025-03-01
145,90.59882794248423,90.18715540760986,21,0,0,2025-03-16
146,95.81822871777311,90.64053024841843,70,0,0,2025-01-23
147,75.63049289121918,76.50848926213568,41,0,0,2025-02-20
148,74.79543386915724,76.45391362988748,92,0,0,2025-03-19
149,93.21941565616898,83.67201557731205,43,0,0,2025-01-12
150,90.96984673233186,74.2402932722175,96,0,0,2025-01-12
151,90.50492850345877,95.10380434542552,96,0,0,2025-03-06
152,91.46448209496975,80.56951359463065,32,0,0,2025-01-25
153,81.1997527842151,50.116141368140305,86,0,0,2025-01-31
154,90.32253697161003,80.50213532053833,14,0,0,2025-03-17
155,90.93072473298682,72.53747414987234,65,0,0,2025-01-14
156,80.85648581973632,65.42469021446865,91,0,1,2025-02-21
157,100.0,70.15088034132913,88,0,0,2025-03-29
158,92.73832920911788,86.31290166199564,87,0,0,2025-03-14
159,76.08696502797352,100.0,47,0,0,2025-01-27
160,94.5655360863383,88.75821368637976,63,0,0,2025-01-12
161,78.25318329772679,77.72195934141112,17,0,0,2025-03-14
162,95.87084603742451,90.47085034204844,91,0,0,2025-03-04
163,99.58595579007404,79.4909162773721,81,0,0,2025-02-26
164,79.7931768164829,76.66479557004226,90,0,0,2025-01-24
165,97.63376129244321,71.14764798120419,41,0,0,2025-03-24
166,92.12780926936499,63.978054318979375,54,0,0,2025-03-19
167,96.2206015999449,80.32091552128665,55,0,0,2025-02-15
168,100.0,86.89664187904158,4,0,0,2025-03-14
169,85.5461188399713,83.84051595982132,56,0,0,2025-02-04
170,80.4626383564251,80.00839686463169,93,0,0,2025-02-02
171,79.10485570374476,73.65104727163863,96,0,0,2025-01-26
172,79.84189715034562,92.29895430021962,81,0,0,2025-03-07
173,87.22898290585896,69.19441696064098,75,1,1,2025-01-06
174,91.41151974816644,94.31233496612171,5,0,0,2025-03-27
175,90.7669079933002,72.9733957728793,96,0,0,2025-02-25
176,96.27183249036024,75.97077715176358,2,0,0,2025-03-08
177,88.13001891877907,67.39857771261188,98,0,0,2025-02-07
178,100.0,78.98317423737237,80,0,0,2025-03-11
179,85.35343166762044,96.70374950173574,56,0,0,2025-01-31
180,100.0,91.18753706132748,97,0,0,2025-02-26
181,94.25667347765007,96.74106534433642,4,0,0,2025-03-25
182,79.42842443583717,91.26571055120723,85,0,0,2025-02-25
183,77.29107501938887,71.75596205763557,83,0,0,2025-02-18
184,92.82472415243186,81.0305293080693,36,0,0,2025-01-02
185,85.7653721467415,75.63761045059044,71,0,0,2025-03-19
186,95.14000494092092,100.0,88,0,0,2025-03-08
187,92.73237624573545,70.63853624288426,91,0,0,2025-03-14
188,87.27171087343127,95.72437227266933,0,0,0,2025-03-05
189,79.53206281931595,95.71544644130523,98,0,0,2025-01-15
190,72.85152775314135,100.0,27,0,0,2025-03-24
191,83.53485047932979,80.08376088844604,38,0,0,2025-03-25
192,96.56398794323472,93.54786591496195,43,0,0,2025-03-13
193,90.14093744130204,100.0,6,0,0,2025-03-15
194,75.54261221288012,77.58829987679565,20,0,0,2025-02-10
195,89.73180925851182,66.57951702961168,99,0,0,2025-01-17
196,91.85317379728836,62.43987959310684,52,1,0,2025-03-18
197,79.16142563798867,93.55254434633598,19,1,0,2025-02-07
198,89.53725105945527,62.402197503296996,17,0,0,2025-01-07
199,88.58208718446,80.53217136474493,91,0,0,2025-01-04
200,76.57029702169376,90.24775824446753,95,0,0,2025-01-08
201,91.57787360348283,87.22210644195897,42,0,0,2025-01-02
202,93.60784526368235,90.10533837021006,3,0,0,2025-02-17
203,98.83051243175277,87.66747826961024,37,0,0,2025-02-10
204,98.53802052034902,100.0,9,0,0,2025-01-25
205,74.22330632042909,73.57220343113444,17,0,0,2025-03-19
206,78.62174960084877,76.87605833849763,71,0,0,2025-01-21
207,93.1503526720866,75.72808665675011,38,0,0,2025-02-08
208,93.1378595091221,94.96230174235131,81,0,0,2025-03-23
209,93.15047686306048,95.80478306074076,42,0,0,2025-01-20
210,100.0,90.4147038318221,98,0,0,2025-02-21
211,93.70890510693167,99.20192400267914,97,0,0,2025-01-03
212,99.35565640180599,70.86350959148344,84,0,0,2025-03-24
213,97.54001763493203,100.0,59,0,0,2025-01-30
214,94.51391251305797,100.0,63,0,0,2025-02-18
215,84.84730755359655,93.82746396694895,68,1,1,2025-02-26
216,95.58969220493267,100.0,91,0,0,2025-03-08
217,80.27174785462428,65.12052150786671,75,0,0,2025-03-04
218,85.63181393259991,78.70662236484817,95,0,0,2025-03-09
219,83.14636452170896,76.17635847181657,98,0,0,2025-03-23
220,88.81874139386322,93.65775188508812,55,1,0,2025-03-02
221,100.0,72.39831112477425,84,0,0,2025-02-13
222,69.32734807408252,94.08994179204983,15,0,0,2025-03-24
223,94.86260190374513,100.0,33,0,0,2025-01-19
224,71.87284128810349,93.342434801008,68,0,0,2025-03-25
225,83.28068134210567,88.40501228393802,34,0,0,2025-02-25
226,98.88950596967366,73.14551990919101,96,0,1,2025-03-02
227,88.64280019095463,74.83778840649562,26,0,0,2025-02-14
228,77.22255222070694,99.99542686356,75,1,0,2025-02-18
229,80.84696290740033,94.35218804686399,86,0,0,2025-01-11
230,94.79597748934675,84.53176576746947,90,0,0,2025-01-23
231,80.69633368282864,79.98508545080931,63,0,0,2025-01-28
232,90.16458589581976,60.69030552266348,95,0,0,2025-03-17
233,88.45571839903813,72.14977097578674,84,0,0,2025-01-18
234,81.48399652394183,100.0,73,0,0,2025-01-15
235,100.0,69.6345331479704,11,0,0,2025-03-17
236,94.33919022318011,87.27375785465297,77,0,0,2025-01-06
237,67.74857413342393,97.08932767834239,94,0,0,2025-01-19
238,89.86454314769428,69.94092798397249,86,0,0,2025-02-28
239,81.38213535231613,87.216525697373,94,0,0,2025-03-04
240,96.52433334796224,96.25498645012786,80,0,0,2025-03-11
241,80.07479261567299,85.149991862887,19,1,0,2025-02-22
242,86.85263558533102,100.0,2,0,0,2025-03-06
243,93.04987278980457,64.97680889346165,50,0,0,2025-02-17
244,96.65755194170121,97.70474235860655,90,0,0,2025-03-02
245,75.99703592944223,82.92637915124243,93,0,1,2025-01-16
246,84.65498764159051,94.2630418580401,49,0,0,2025-03-25
247,83.25054688839043,90.29568582039096,80,0,0,2025-02-28
248,81.46670767426288,76.20212563468004,70,0,0,2025-03-30
249,100.0,87.74795670951208,68,0,0,2025-02-06
250,92.04981710960955,62.705182583220555,38,0,0,2025-02-09
251,75.39116045664954,92.23897000685673,22,0,0,2025-03-23
252,97.17861947054776,88.5779015918863,32,0,0,2025-03-30
253,100.0,92.66392202371723,9,1,0,2025-01-08
254,98.32465260551147,97.6974199010458,33,0,0,2025-01-19
255,72.80630034045987,89.41143808251653,1,0,0,2025-03-20
256,83.15765927133748,86.77707303757931,87,0,0,2025-02-08
257,100.0,74.42717996006449,52,0,0,2025-02-24
258,80.92330534381219,76.45335083621138,99,1,0,2025-03-11
259,92.43819428146229,99.24081544212797,32,0,0,2025-01-03
260,95.74634053429337,100.0,57,0,0,2025-02-08
261,78.73069528421917,82.14267476425535,59,0,0,2025-01-12
262,87.404746439382,85.5520329670393,1,0,0,2025-02-25
263,55.58732659930927,74.1446275000748,94,0,0,2025-02-25
264,77.7561235866571,99.07308214320933,5,0,0,2025-02-28
265,85.4743184860684,92.98500188430134,98,0,0,2025-03-27
266,75.5221681803515,100.0,96,0,0,2025-03-18
267,100.0,74.46012307384314,82,0,0,2025-02-25
268,73.69858622039368,80.4639052117814,83,0,0,2025-03-26
269,83.59955513303017,87.77735107030686,88,0,0,2025-02-25
270,89.30740577286092,92.75787445270925,64,0,0,2025-02-17
271,100.0,82.41198834942841,88,0,0,2025-03-13
272,73.6413784882056,74.5244669145556,7,1,0,2025-02-25
273,99.63163752154959,95.57689034708285,9,0,0,2025-02-28
274,88.10233061019586,93.65362435054698,76,0,0,2025-01-06
275,78.18491348952048,74.0047107932353,83,0,0,2025-02-22
276,92.6210347426327,100.0,96,0,0,2025-02-05
277,89.9905969557347,99.04238451035924,17,0,0,2025-02-01
278,81.99783122841205,86.61155796697352,94,0,0,2025-01-01
279,88.69802084990019,85.95517434851244,35,0,0,2025-02-26
280,84.14686403138239,91.64869325339089,65,0,0,2025-01-04
281,89.13517345251248,74.6595631569249,52,0,0,2025-02-12
282,94.62130674521046,85.36037774996899,66,0,0,2025-03-23
283,100.0,59.17139746468983,25,0,0,2025-03-18
284,75.62184501173151,95.51746774603522,81,0,0,2025-03-09
285,100.0,66.26208133069768,93,0,0,2025-01-11
286,68.47912200477498,100.0,73,0,0,2025-03-14
287,86.48214904964416,81.0385588724026,80,0,0,2025-03-06
288,93.88317206484577,82.45999621682587,95,0,0,2025-02-03
289,90.80991867735032,77.46719312698593,90,0,0,2025-03-06
290,81.77300480179406,81.54353351293508,80,0,0,2025-03-26
291,85.91877749642725,100.0,42,0,0,2025-01-29
292,83.06999065341168,55.14629612157905,96,0,0,2025-03-10
293,82.10635243055789,100.0,84,0,0,2025-01-07
294,96.49602097021025,89.05628177322049,36,0,0,2025-03-02
295,91.57015485965047,70.51574022571342,44,0,0,2025-03-06
296,81.07090404739346,72.09625128340915,93,0,0,2025-02-01
297,96.9959987543325,100.0,7,0,0,2025-01-30
298,91.07299520876609,73.65391744068722,99,0,0,2025-03-23
299,96.1286211883896,71.15979387284848,21,0,0,2025-01-04
300,94.29628841923612,98.64777450837676,93,0,0,2025-02-01
301,79.71004989077927,89.06263451543097,65,0,0,2025-02-15
302,82.3981895980303,73.74489308156322,80,0,0,2025-01-04
303,95.47293605123262,87.59949970485543,96,0,0,2025-02-16
304,94.10370265433465,72.69096779631667,68,0,0,2025-02-09
305,87.79098406035853,98.20985678107127,82,0,0,2025-02-19
306,89.17327383308782,97.7364515784776,8,0,0,2025-03-28
307,100.0,91.38407438586331,0,0,0,2025-01-09
308,82.0842861116417,89.3399327349642,40,0,0,2025-03-03
309,93.47097381170038,100.0,90,0,0,2025-03-18
310,85.97807347566106,84.9962359286587,20,0,0,2025-03-17
311,85.82318796772779,70.81751049495038,18,0,0,2025-02-28
312,98.9877685198719,90.39368695398768,68,0,0,2025-01-08
313,96.2541634898803,100.0,88,0,0,2025-01-10
314,96.13509636000639,72.82288608176978,91,0,0,2025-01-28
315,100.0,80.66244679967217,29,0,0,2025-01-03
316,88.21003841632759,89.99735245721743,13,0,0,2025-01-25
317,94.81952971294965,84.35314181193112,98,0,0,2025-02-09
318,84.89733243406543,73.21235703547222,43,0,0,2025-01-01
319,91.24166352488442,98.46229427476565,95,0,0,2025-01-12
320,86.69856945632316,100.0,95,0,0,2025-02-08
321,88.96995964992718,87.35357750828689,92,0,0,2025-03-30
322,93.95157025436913,74.151180523168,28,0,0,2025-03-09
323,79.81779316766527,66.4124736993583,94,0,0,2025-03-22
324,100.0,88.09571177465418,92,0,0,2025-01-09
325,77.93982618500299,98.24652811979509,85,0,0,2025-02-17
326,75.85811387212269,90.70201295794458,56,0,1,2025-02-23
327,99.58110873500068,84.97115390897375,43,0,0,2025-01-21
328,95.91662693962935,77.92874017852833,20,0,0,2025-03-19
329,94.24119817052156,71.89403640738293,81,0,0,2025-03-26
330,94.2834550926428,95.01701591589858,85,0,0,2025-02-25
331,87.87753227153085,95.96525945662702,59,0,0,2025-02-01
332,79.02745628514168,66.4512425597112,79,0,0,2025-01-03
333,88.75804558193727,100.0,60,0,0,2025-03-15
334,81.22838288487888,91.88885465072802,88,0,0,2025-03-09
335,97.7511973341775,100.0,96,0,0,2025-03-05
336,86.52942618497862,68.89446701817862,27,0,0,2025-03-05
337,79.74502803207488,68.61011013501474,63,0,0,2025-03-21
338,84.78614158347007,83.21236828279244,23,0,0,2025-01-10
339,92.12931454275625,91.03341312274233,87,0,0,2025-01-04
340,82.36275447196026,100.0,91,1,0,2025-01-25
341,79.77779604433569,93.47294696578157,97,0,0,2025-02-18
342,90.43687211491913,82.0878246782556,46,1,0,2025-03-07
343,90.44966571108722,72.6835695080093,98,0,1,2025-02-07
344,82.9305682462887,99.7600068726298,10,0,0,2025-01-13
345,83.28961694381677,73.42353489099142,86,0,1,2025-03-31
346,90.32049937357637,100.0,9,0,0,2025-03-28
347,73.51915658502676,81.58738420472189,96,0,0,2025-01-01
348,73.92536225623445,100.0,82,0,0,2025-01-04
349,80.81555778747564,93.14717548071134,89,0,0,2025-01-25
350,85.86552848288153,83.3560541266905,94,0,0,2025-02-23
351,91.10907565598005,78.76724353808648,25,0,0,2025-03-05
352,100.0,80.90910547184704,6,0,0,2025-03-09
353,96.5765962320202,90.13980030850286,96,0,0,2025-01-12
354,86.40061470036574,85.9258779546126,52,0,0,2025-02-21
355,87.80983792097311,77.87426310317554,21,0,0,2025-03-01
356,77.97470635362191,83.01242307618841,78,0,0,2025-01-25
357,87.8148686400761,85.9429243566298,85,0,0,2025-01-24
358,85.11341361079862,59.45519086702225,5,0,0,2025-02-15
359,91.22718560338089,90.49801737746438,45,0,0,2025-02-25
360,79.72769056447677,73.24334530339831,5,0,0,2025-03-21
361,93.19346514241172,71.16001116153106,70,0,0,2025-02-12
362,100.0,64.75186783467147,96,0,0,2025-01-20
363,86.91239851543142,63.473290025585314,99,0,0,2025-02-02
364,92.01711722098942,68.73462996265253,87,1,0,2025-02-20
365,94.90143991711112,76.49174850843411,26,0,0,2025-03-30
366,83.98779528114164,100.0,97,0,0,2025-03-26
367,90.24092481810416,78.68944388925755,81,0,0,2025-03-27
368,88.12592400781794,87.13300127521637,25,0,0,2025-01-17
369,88.97676098548831,89.80577663807594,97,1,0,2025-03-06
370,80.26990216144533,86.57278223459018,92,0,0,2025-03-29
371,88.24510174258943,84.07067847128808,91,0,0,2025-03-27
372,92.9799829124545,70.65647483680907,90,0,0,2025-02-01
373,100.0,100.0,33,0,0,2025-02-22
374,97.59270826085206,100.0,35,0,0,2025-03-21
375,100.0,64.80809567052776,90,0,0,2025-02-14
376,80.3265243711195,72.71165690936344,36,0,0,2025-03-14
377,96.72320636720679,81.64227589147593,73,0,0,2025-01-24
378,89.83342005738352,73.4255464610777,93,0,0,2025-02-15
379,100.0,91.07158664147039,93,0,0,2025-02-23
380,79.91701714644849,76.26073357112064,75,0,0,2025-03-07
381,79.60278157819224,100.0,93,0,0,2025-03-28
382,82.00607354555977,99.28658313212316,94,0,0,2025-03-30
383,66.76104275690193,87.55088836758658,88,0,0,2025-02-25
384,82.74244978319238,97.32383515983679,38,0,0,2025-03-15
385,80.40867338446301,98.2708050922877,45,0,0,2025-02-13
386,89.50393786476208,78.23263014330108,52,0,0,2025-02-20
387,91.4175597577716,75.20539306549642,19,0,0,2025-03-01
388,100.0,85.93771675563578,45,0,0,2025-01-21
389,97.5042383818605,95.33963349397533,34,1,0,2025-03-31
390,82.23096344337597,86.66872478384101,75,0,0,2025-01-18
391,79.01585328651642,66.07604221370804,97,0,0,2025-03-16
392,92.91919171506505,75.3661066725899,17,0,0,2025-01-23
393,74.79766792979358,84.11232563686747,91,0,0,2025-01-26
394,100.0,84.09201274809004,90,0,0,2025-03-30
395,99.79440120721287,100.0,15,0,0,2025-03-26
396,83.30824347895295,68.36814469121202,97,0,0,2025-01-16
397,70.86865470909123,91.0670709020305,84,0,0,2025-03-02
398,100.0,100.0,60,1,0,2025-02-24
399,86.85460154747382,100.0,92,0,0,2025-03-07
400,100.0,80.14723092179247,42,0,0,2025-02-25
401,72.05572341205632,90.8971534326424,90,0,0,2025-01-01
402,82.00624977046228,91.83712428638377,6,0,1,2025-03-22
403,88.05243699718183,87.3457807786395,94,0,0,2025-01-13
404,88.46980593764742,83.81385758512833,74,0,0,2025-02-06
405,83.49934528520757,90.23170467400055,87,1,0,2025-03-25
406,94.22849932347499,54.61304697736378,36,0,0,2025-03-08
407,77.32379570617405,93.18483388075157,89,0,0,2025-03-17
408,86.57620514978707,86.51413484394361,92,1,0,2025-02-10
409,89.20295631711899,82.33030123866081,78,0,0,2025-03-26
410,93.14438834058748,100.0,86,1,0,2025-03-17
411,95.11614878088889,76.90079177451338,76,0,0,2025-03-29
412,76.75357908162131,80.16308813121964,96,1,0,2025-01-24
413,72.65885829264377,100.0,80,0,0,2025-02-22
414,100.0,75.01526434180172,95,0,0,2025-03-23
415,91.32314011979592,78.39861660476153,93,0,0,2025-03-02
416,80.51513463443446,83.23569491882981,68,0,0,2025-03-05
417,100.0,95.08881378555459,38,0,0,2025-03-16
418,89.15674634292859,87.49363008823975,67,0,0,2025-02-05
419,99.79297184063826,69.48849583417285,94,0,0,2025-02-13
420,88.67518481410109,78.61397724247372,37,0,0,2025-03-24
421,100.0,77.71174680145346,82,0,0,2025-03-24
422,100.0,84.07334745732345,93,0,0,2025-03-16
423,85.51035851520926,90.11012390355795,58,0,0,2025-02-13
424,97.71570950954356,90.01846907065567,88,0,0,2025-02-01
425,94.45375949585147,63.68785895141917,40,0,0,2025-02-15
426,100.0,97.76729185073027,18,0,0,2025-02-27
427,78.35076539419896,88.03082615195949,93,0,0,2025-01-16
428,94.8605145999844,100.0,16,1,0,2025-02-11
429,98.58424486849587,90.33037992748807,45,0,0,2025-03-12
430,70.41260513576886,98.21587549282914,95,0,0,2025-01-05
431,76.16741487334225,90.59854373740153,57,1,0,2025-02-18
432,67.60767822239899,100.0,99,0,0,2025-01-27
433,85.30593165555442,91.26700763221334,99,0,0,2025-01-04
434,95.17542255795962,83.82501704268515,44,0,0,2025-01-18
435,100.0,100.0,6,1,0,2025-03-29
436,88.74094780419775,95.66844546735871,90,0,0,2025-01-24
437,100.0,91.88493305205296,75,0,0,2025-03-14
438,74.19898541785109,69.68434700153998,16,0,0,2025-02-20
439,70.96617560644845,69.54030859043755,90,0,0,2025-03-12
440,87.44452301103381,88.51258578570224,5,0,0,2025-03-08
441,91.84065448939307,86.74625437321889,95,0,0,2025-01-26
442,87.67305251905907,77.63052921990021,23,0,0,2025-03-28
443,67.32557899960123,86.69179239534472,21,0,0,2025-02-10
444,87.10879960487212,100.0,29,0,0,2025-02-04
445,74.95530499495146,93.34482969460359,98,0,0,2025-03-07
446,94.69672548830039,71.30789788296714,90,0,0,2025-03-13
447,91.66598246096848,83.66189407428467,93,1,0,2025-01-31
448,78.60120213672644,75.34040222976927,66,0,0,2025-03-05
449,82.86133082663306,80.34760100309727,56,0,0,2025-03-15
450,77.40786478111049,80.0366120124443,39,1,0,2025-02-18
451,87.37320902726829,79.26825300875194,80,0,0,2025-01-09
452,97.55142320501238,69.93837553631926,83,0,1,2025-03-14
453,78.14273953664457,83.46814382178172,87,0,0,2025-03-28
454,93.04046515517844,78.27270835783229,42,0,0,2025-01-03
455,82.69742381627559,49.84661571997278,98,0,0,2025-03-12
456,80.07127167737656,100.0,28,0,0,2025-01-18
457,86.92969640045442,98.06523585060006,98,0,0,2025-03-26
458,77.64757677580626,80.48439130090004,2,0,0,2025-03-07
459,82.46350694652818,85.22582859688718,80,0,0,2025-03-13
460,76.02122107411151,70.94014783218925,55,0,0,2025-02-22
461,100.0,100.0,74,0,0,2025-02-04
462,88.35263551971728,100.0,84,0,0,2025-02-13
463,81.00274492007415,86.8803247389583,72,0,0,2025-01-24
464,90.13979910734221,97.28236773022414,69,0,0,2025-02-09
465,86.8767195030917,87.10344134720708,91,0,0,2025-03-16
466,85.79030400466777,68.95929473348883,90,0,0,2025-01-30
467,94.14166700043425,80.05811957243611,94,0,0,2025-03-09
468,95.57507710047305,86.58313560126348,41,0,0,2025-02-01
469,82.69498852389472,79.54542737507867,86,0,0,2025-03-19
470,82.2418175935532,82.37616067077957,85,0,0,2025-02-15
471,85.24948302848355,83.90320530989062,61,0,0,2025-03-24
472,64.98078835264415,84.02945802561446,80,0,0,2025-03-19
473,72.84808937801448,85.6271018859698,52,1,0,2025-02-23
474,100.0,72.27273920324079,23,0,0,2025-03-13
475,100.0,76.39580621046477,35,0,1,2025-01-13
476,85.50963960443622,69.58498881160037,17,0,0,2025-02-06
477,93.76556963055766,96.73378659623441,90,0,0,2025-02-17
478,91.11250154543536,59.73223669791611,89,0,0,2025-03-08
479,100.0,98.84308411980311,98,0,0,2025-03-12
480,99.19574911434577,100.0,91,0,0,2025-03-06
481,86.72082408519233,81.37383295620855,8,0,0,2025-03-01
482,78.44459559399574,53.76235494607242,96,0,0,2025-01-22
483,71.93553679742428,80.66427325639252,95,1,0,2025-03-27
484,90.03463635867223,84.22979006453417,73,0,0,2025-01-09
485,80.43649254715697,72.87282136085304,85,0,0,2025-01-19
486,73.77746290402325,78.81737927430109,99,0,0,2025-01-25
487,81.53427115757474,100.0,82,0,0,2025-03-08
488,77.18451996385605,92.97912594762089,97,0,0,2025-03-15
489,100.0,73.9052306274628,13,0,0,2025-03-13
490,96.81639756949451,65.82880996485481,31,0,1,2025-01-30
491,87.92027358683383,81.07579218868274,73,0,0,2025-01-05
492,100.0,82.43851864779474,85,1,0,2025-02-25
493,88.77368307647619,90.9543902483598,94,0,0,2025-03-20
494,79.38715798671737,78.5761994491881,99,0,0,2025-02-08
495,100.0,91.13799490434234,64,0,0,2025-03-02
496,93.38910043684659,100.0,7,0,0,2025-01-17
497,77.62753845673544,94.78601226933115,93,0,0,2025-03-07
498,86.09661321916391,84.42293791203073,86,0,0,2025-02-22
499,79.24381746615242,82.80219434736047,33,0,0,2025-02-04
500,74.17200269035663,80.71992238984154,80,0,0,2025-03-22
501,97.26177547531641,99.16769094942573,91,0,0,2025-01-24
502,100.0,77.47223864858437,92,0,0,2025-03-01
503,74.01432426180858,85.5426725079998,80,0,0,2025-01-24
504,93.62969236690572,85.61437482257303,50,0,0,2025-03-19
505,81.49357430878173,78.97858968626161,99,0,0,2025-02-25
506,83.12874616235304,68.53041342539079,89,0,0,2025-02-06
507,82.07606075761132,88.87569404341201,68,0,0,2025-01-26
508,79.36009230320184,84.2679523377354,46,0,0,2025-02-08
509,88.48521627944827,91.00288563323883,91,1,0,2025-03-08
510,79.69049883588963,78.59679632273,40,0,0,2025-02-22
511,90.70456825779839,99.64985558575657,28,0,1,2025-03-10
512,87.49761890550863,74.47871462545785,82,0,0,2025-01-05
513,85.6105195313359,100.0,48,0,0,2025-02-10
514,78.92436337958402,64.02836188206086,87,0,0,2025-02-15
515,82.23228669431667,90.2172407746827,19,0,0,2025-02-11
516,95.55391225825755,90.70516819031948,88,0,0,2025-03-01
517,93.00917187624381,75.45331518470941,47,0,0,2025-01-27
518,78.22444755201448,90.09272725433215,0,0,0,2025-01-04
519,88.99332305429226,100.0,21,0,0,2025-01-22
520,95.5138712337179,58.39817392775123,97,0,0,2025-01-12
521,71.30594718878629,91.03293768988978,95,0,0,2025-03-04
522,93.43360192379934,55.08075015603907,38,0,0,2025-02-17
523,81.37376241054153,73.4120223577215,93,0,0,2025-02-26
524,93.70598668593159,100.0,86,0,0,2025-03-29
525,80.36740843457483,78.01861559929534,99,0,0,2025-01-10
526,69.9511789933548,70.91344042709233,62,0,0,2025-01-03
527,71.72457562116837,82.62474725218382,90,0,0,2025-03-05
528,88.48084946661382,100.0,10,0,0,2025-03-02
529,90.59722501721483,63.01981303352768,66,0,0,2025-02-22
530,78.95683374895592,72.38428106032787,98,0,0,2025-03-11
531,94.38592458777374,100.0,82,0,0,2025-01-27
532,71.3847993773104,100.0,47,1,0,2025-02-09
533,87.33920201352683,83.75882530851659,20,0,0,2025-02-17
534,75.88983800237543,70.1313675696803,90,1,0,2025-03-11
535,81.4816389219784,100.0,88,0,0,2025-02-15
536,88.47398671316414,100.0,62,0,0,2025-01-05
537,79.39586634716048,93.1473638531468,98,0,0,2025-03-22
538,84.15444455770175,75.25117181275095,3,0,0,2025-01-06
539,98.0629280921444,84.41164790994355,50,0,0,2025-03-15
540,82.23108130476851,83.07567902746203,97,0,0,2025-01-25
541,96.35692112065142,88.97021565538694,53,0,0,2025-03-10
542,76.70293145342382,100.0,42,0,0,2025-03-24
543,93.29804177915283,95.55300449364884,82,0,0,2025-01-25
544,100.0,72.0714870761829,94,0,0,2025-01-06
545,63.283554998727105,100.0,17,0,0,2025-01-04
546,80.03104744529523,88.75758568015786,98,0,0,2025-03-27
547,93.7707212718054,93.24478955030699,93,0,0,2025-01-02
548,85.96954613957007,100.0,30,0,0,2025-03-26
549,91.71145873371309,71.66103700583739,91,1,0,2025-02-08
550,81.9601481328418,84.57009305552245,64,0,0,2025-03-16
551,88.865897874729,78.62254538368941,67,0,0,2025-01-15
552,86.44322764607921,66.18568689561454,93,0,0,2025-02-11
553,99.67782061659807,89.16051973125904,98,0,0,2025-03-15
554,90.54420843301213,100.0,21,0,0,2025-01-24
555,91.37602662075201,62.91906706593097,70,0,0,2025-01-04
556,83.88123033877532,84.61263266740636,80,0,0,2025-01-14
557,83.12393775927507,92.68651522089728,62,0,0,2025-02-20
558,83.6744181218038,86.47693841987417,60,0,0,2025-02-01
559,91.94452142378297,83.64246336981111,8,0,0,2025-02-01
560,83.79015519179737,69.4094036386501,90,0,0,2025-01-28
561,90.89774856896413,87.79344091528196,72,0,0,2025-03-14
562,100.0,75.91883227580888,32,0,0,2025-02-05
563,96.71124703431693,58.72093954025736,94,0,0,2025-02-21
564,84.73976467832159,99.33510664616477,93,0,0,2025-03-17
565,100.0,96.50062983810452,80,1,0,2025-02-01
566,83.91924626978448,85.61993172221295,49,0,0,2025-02-17
567,67.61875464822145,87.74889625846843,87,1,0,2025-02-01
568,77.91913689082595,97.89181615258674,48,0,0,2025-01-12
569,69.29208078974145,87.69207588133699,39,0,0,2025-03-28
570,84.48486515958692,95.84821065713578,91,1,0,2025-01-18
571,88.18418379189552,81.4302135895138,6,0,0,2025-01-01
572,100.0,100.0,15,0,0,2025-03-09
573,91.26927373764163,88.8494287111922,1,0,0,2025-01-14
574,85.80899471191135,87.32862332327049,25,0,0,2025-02-11
575,96.2940558118349,69.75926693545561,11,0,0,2025-02-11
576,65.88864690992115,88.44347025162051,99,0,0,2025-02-21
577,90.35614558108566,75.01654099006659,48,0,0,2025-03-20
578,95.70865193886966,77.34060728165807,24,1,0,2025-01-23
579,73.21413754220158,75.21549246020655,40,0,0,2025-03-16
580,99.43754043206928,72.2051808172093,98,0,0,2025-03-29
581,91.38496407494414,100.0,82,0,0,2025-01-24
582,83.84712086099199,100.0,60,0,0,2025-01-06
583,94.32781866106285,100.0,96,0,0,2025-03-19
584,100.0,70.32525976533323,65,0,0,2025-02-14
585,89.81866255058495,85.85504499893071,55,0,0,2025-01-25
586,90.48220586300336,69.47790849755086,34,0,0,2025-01-15
587,83.40639100459757,76.65166147363523,62,0,0,2025-01-17
588,79.50155630535208,73.9824761990011,52,0,0,2025-02-14
589,96.30335816544246,99.87500807729873,89,0,0,2025-02-06
590,79.43916174091133,80.24524386277888,48,0,0,2025-02-18
591,88.71566237219392,97.82055200432819,84,0,0,2025-01-03
592,83.22342553234883,92.24945067506222,10,1,0,2025-02-07
593,92.78979825746391,100.0,31,0,0,2025-03-29
594,91.33662105286949,67.24666932232331,67,0,0,2025-01-30
595,98.375399442579,100.0,98,0,0,2025-02-07
596,82.89983601145254,98.75729044480873,62,0,0,2025-02-22
597,85.30125064706628,73.31945394367558,89,0,0,2025-02-23
598,78.21236284217693,97.08560003767792,42,0,0,2025-03-23
599,83.55706739923889,89.03373955631474,21,0,0,2025-03-07
600,91.77300493044852,82.2702848805591,9,0,0,2025-02-14
601,95.56988616645351,75.112774156336,50,0,0,2025-03-15
602,78.77834675822375,76.37068658260976,26,0,0,2025-03-05
603,96.6960592010566,100.0,29,0,0,2025-03-18
604,100.0,85.00819382748979,92,0,0,2025-03-15
605,92.13434903223701,94.3855600183775,2,0,0,2025-03-19
606,100.0,75.50920741998937,83,0,0,2025-01-04
607,80.26210800896428,75.64176464534033,63,0,0,2025-01-28
608,75.55345296688583,97.9838177109993,81,0,0,2025-02-02
609,70.21279751095722,68.80508546138162,84,0,0,2025-03-16
610,100.0,80.01743478513674,52,0,0,2025-03-24
611,94.54365656354058,85.40832893286678,49,0,0,2025-01-08
612,87.44415329089544,86.33647122208063,91,0,0,2025-03-17
613,90.7996862631982,82.85088057980613,95,0,0,2025-01-21
614,76.74510952701624,89.74983737315108,32,0,1,2025-01-17
615,100.0,93.31426906981373,16,0,0,2025-02-05
616,89.29221181975228,93.81565054551196,96,0,0,2025-02-22
617,89.09394794604893,73.17035429598607,58,0,0,2025-02-17
618,95.25766623898691,81.59013882485444,83,0,0,2025-02-20
619,92.81009231736714,99.33715434252325,59,0,0,2025-02-23
620,90.23884024279131,95.73576625088647,20,1,0,2025-01-11
621,80.09525544554688,68.52568658222724,85,0,0,2025-03-31
622,92.71468357135996,89.21775880422642,82,0,0,2025-02-10
623,100.0,61.26129700750228,33,0,0,2025-01-25
624,100.0,85.56321882472443,75,0,0,2025-02-19
625,100.0,100.0,93,0,0,2025-01-06
626,82.88784323568815,73.62528739277217,85,0,0,2025-01-27
627,78.1039517974142,74.98812345410101,16,0,0,2025-02-15
628,86.74213079900352,94.16835737887432,83,0,1,2025-02-26
629,88.55724912288694,66.48638181748424,90,0,0,2025-01-05
630,98.94191518470949,77.40693964137954,93,0,0,2025-01-21
631,71.0753537028518,92.15729365098103,87,0,0,2025-02-23
632,100.0,77.38856982772717,25,0,0,2025-01-26
633,86.4199210142101,82.16836015346834,90,0,0,2025-01-05
634,83.7311893005258,93.93022852378041,89,0,0,2025-01-28
635,77.87895624739832,90.05855300243874,4,0,0,2025-03-01
636,71.4514332813423,88.20182075554482,68,0,0,2025-03-29
637,96.23170583961914,80.93053264875954,55,0,0,2025-01-02
638,88.73317967188405,89.44073338322747,89,0,0,2025-01-26
639,75.10039100258946,83.51520783880292,36,0,0,2025-01-24
640,75.04921227936384,90.49366731910942,85,0,0,2025-01-20
641,84.64215300709871,79.03681569858426,97,0,0,2025-03-07
642,100.0,82.80917230744551,93,0,1,2025-03-06
643,85.40408648636395,73.12050648937583,97,0,0,2025-03-07
644,72.96857046881894,84.57990867992517,99,0,0,2025-03-31
645,85.54256935914056,75.26798963645386,1,0,0,2025-02-16
646,85.2727643025233,71.63144259805608,87,0,0,2025-01-14
647,61.03113357058429,88.10393377426466,68,0,0,2025-01-12
648,87.45705133482188,87.55287731029192,95,1,0,2025-02-07
649,85.69065469791322,94.39448481938287,41,0,0,2025-01-23
650,94.96206364813418,79.82649316509881,99,0,0,2025-01-09
651,100.0,89.89663416204107,86,0,0,2025-01-19
652,99.26565029547757,91.60957086728396,93,0,0,2025-01-14
653,85.3111130944517,90.33728569397914,14,0,0,2025-02-26
654,76.9347409125833,75.0921558063743,30,0,0,2025-02-03
655,100.0,86.79236178725426,92,0,0,2025-01-05
656,88.59218434014488,89.36968355265594,3,0,0,2025-01-05
657,88.13929291912946,85.08614160289531,94,0,0,2025-03-23
658,87.75874912889996,59.96226809954698,2,0,0,2025-02-20
659,89.98084760767856,86.92587548768176,88,0,0,2025-03-04
660,86.55639588076058,100.0,60,0,0,2025-01-10
661,82.26337993119763,80.67952877491621,86,1,0,2025-01-23
662,82.53141058759608,76.26307482573614,90,0,0,2025-02-14
663,87.67246729784002,89.48018271653677,57,0,0,2025-02-16
664,82.56575228866235,88.74853852559886,17,0,0,2025-02-23
665,80.87154217322836,99.31282198499697,11,0,0,2025-03-20
666,89.06430227691897,69.90558212909335,85,0,0,2025-03-06
667,85.45022782579144,93.77656303089991,82,0,0,2025-03-07
668,100.0,92.08506473501757,91,0,0,2025-01-25
669,61.49030191606988,83.29424155671344,81,0,0,2025-01-27
670,98.91506851922462,89.06424781506028,70,0,0,2025-02-05
671,100.0,97.35348977918028,66,0,0,2025-01-27
672,67.2660976759185,95.4677845603414,4,0,0,2025-02-27
673,84.57312405919652,71.28376825511526,55,0,0,2025-02-05
674,84.28559134004209,94.84189824106582,99,0,0,2025-02-19
675,73.92488305282178,84.22373673960978,96,1,0,2025-03-14
676,80.22183312409125,85.87448917618619,54,0,0,2025-01-14
677,76.89424154534171,85.87836389202033,85,0,0,2025-01-24
678,100.0,83.19708413442088,95,0,0,2025-01-25
679,97.35678393147461,99.30048996528478,73,1,0,2025-02-02
680,100.0,83.99538448180945,2,0,0,2025-03-23
681,95.21672064043236,71.56544645940198,12,0,0,2025-01-26
682,76.70948228782771,80.27764172836325,81,0,0,2025-02-05
683,82.75479733720226,87.14433660172571,99,0,0,2025-02-14
684,92.89374561227918,99.7505774115646,90,0,0,2025-01-21
685,75.77872191108054,92.237136219386,11,0,0,2025-01-08
686,95.12998430172388,74.79357665503548,31,0,0,2025-02-27
687,85.59674601841866,100.0,92,0,0,2025-03-31
688,84.25179192450402,88.17730373173576,95,0,0,2025-02-23
689,95.10959968203491,100.0,86,0,0,2025-03-16
690,92.4426331148604,83.17942679707325,88,0,0,2025-01-01
691,84.3903383418092,91.40031093646539,4,0,0,2025-02-16
692,99.59329803364248,95.07362205422086,94,0,0,2025-03-02
693,77.18936672400102,99.61833654105106,93,0,0,2025-02-21
694,94.15935606944264,97.6884196645387,43,0,0,2025-02-28
695,93.93101257968384,95.46636400087573,90,0,0,2025-03-16
696,84.9045356068601,81.2189592256707,35,0,0,2025-02-22
697,91.26133022242118,78.13904749652727,6,0,0,2025-01-08
698,75.48886423614697,88.99129012389037,33,0,0,2025-02-23
699,97.240270192069,96.19753686809284,29,1,0,2025-03-14
700,86.15097863557011,82.32735159068072,56,0,0,2025-01-21
701,82.7727697948096,97.78206358857264,69,0,0,2025-03-24
702,98.49009225836889,100.0,81,0,0,2025-02-19
703,80.9565630945724,74.00414897111897,79,0,0,2025-01-11
704,73.91538703636441,74.95695155444464,45,0,0,2025-03-29
705,72.43370826476097,83.31549929313596,4,0,0,2025-02-27
706,94.0600995134564,88.69135201827035,86,1,0,2025-03-10
707,75.19570647503717,78.70519583479539,65,1,0,2025-03-26
708,100.0,100.0,49,0,0,2025-03-15
709,67.18070592116278,90.08880233822141,95,0,0,2025-01-01
710,100.0,85.47336457888888,92,0,0,2025-02-04
711,90.11017467202619,67.76908571357767,95,0,0,2025-03-11
712,87.03286888129608,69.21021020286992,80,1,0,2025-03-12
713,82.5508091319105,88.37211100338168,21,0,0,2025-01-22
714,91.9913611435207,59.40885248614197,90,0,0,2025-03-08
715,87.62365297575151,97.15164891572886,34,0,0,2025-01-19
716,99.03301882016521,83.10215386753215,73,0,0,2025-02-20
717,89.1422764866204,100.0,10,1,1,2025-03-14
718,89.50301761461877,100.0,94,0,0,2025-03-20
719,84.36387787786144,82.8226111690298,20,0,0,2025-03-23
720,87.43054376278933,83.72395596962421,96,0,0,2025-03-15
721,91.0780176889206,96.94697816802436,95,0,0,2025-01-11
722,70.89831607343375,100.0,77,0,0,2025-02-21
723,74.51814577894287,65.3436513107678,92,0,0,2025-03-27
724,95.43264094022715,63.56349441574376,86,0,0,2025-03-25
725,89.70865438127942,77.53558233334742,93,0,0,2025-03-17
726,86.1601666364732,91.99285099808637,71,0,0,2025-03-16
727,88.18433933065393,90.96248308609117,93,0,0,2025-02-20
728,91.47581705361671,97.83725745980621,77,0,0,2025-01-21
729,82.60240319690638,70.6036296596163,98,0,0,2025-02-16
730,80.21695274597687,57.20627364437348,80,0,1,2025-03-17
731,89.95845255097682,95.29617034362575,77,0,0,2025-02-15
732,78.21627222384969,75.06164472441719,93,0,0,2025-01-01
733,92.08252755714472,60.77814562733634,94,0,0,2025-02-11
734,70.9741639576216,86.74076495151257,83,0,0,2025-03-12
735,98.29155637325644,94.51810825862412,29,0,0,2025-03-16
736,92.72597482413043,83.53531441454467,77,0,0,2025-02-07
737,90.56029734313876,79.50581936581013,99,0,1,2025-01-03
738,97.82690983945514,83.08765321424912,92,1,0,2025-01-06
739,100.0,80.5530068511906,94,1,0,2025-02-18
740,98.1437006501813,68.82343465671799,5,0,0,2025-03-11
741,69.59125768668355,76.42383187611482,77,0,0,2025-01-20
742,75.20423033264298,91.25535886016577,88,0,0,2025-02-14
743,81.75181422304321,88.860142496518,94,0,0,2025-01-01
744,88.26091050210833,87.01671767160184,8,0,0,2025-01-07
745,93.17659020469122,73.05821821775945,95,0,0,2025-01-04
746,80.74256186846534,82.821962054372,83,0,0,2025-01-05
747,89.86766764477078,58.87521944268575,32,0,0,2025-02-03
748,80.44617067646678,87.14171996662468,52,0,0,2025-03-25
749,81.88482197008052,100.0,46,0,1,2025-03-13
750,73.93338903151778,67.31041441549473,82,1,0,2025-03-31
751,78.76766753889096,77.96886792018694,8,0,0,2025-03-27
752,74.48315394383667,88.94928134452155,26,0,0,2025-01-19
753,78.24126747022667,100.0,94,0,0,2025-03-06
754,98.5364179660784,79.6213046043982,22,0,0,2025-03-09
755,78.50601111168056,76.69299604880925,38,0,0,2025-03-04
756,100.0,61.372922291007,75,0,0,2025-02-22
757,92.93317900880889,86.24125755169727,81,0,0,2025-03-04
758,89.84836123694873,100.0,92,0,0,2025-01-17
759,79.41642219818786,88.32830154357612,74,0,1,2025-02-01
760,95.00309879408991,84.73265224979544,93,1,0,2025-01-11
761,82.24362173762226,88.86498772920382,86,0,0,2025-02-24
762,89.22009814645361,84.86689595261677,18,1,0,2025-02-13
763,100.0,75.24382753287844,26,1,0,2025-03-14
764,87.03940100275351,94.87935898813247,72,0,0,2025-02-23
765,99.49273326285676,87.70913827734105,66,0,0,2025-01-24
766,80.96823574874112,85.21135902320388,91,0,0,2025-03-09
767,87.65011509503039,73.295607672661,85,0,0,2025-02-06
768,100.0,100.0,64,0,0,2025-03-03
769,81.73032942212232,92.97643294399732,28,0,0,2025-01-01
770,100.0,78.36494995159238,37,0,0,2025-02-04
771,95.07751935455475,97.02189824418325,84,0,0,2025-02-25
772,82.37533224105732,79.02914993937752,70,0,0,2025-01-02
773,94.3240773905552,75.61595808986756,81,0,0,2025-01-09
774,97.7255444962673,75.88356259023655,28,0,0,2025-01-08
775,94.21809962217196,63.74717736294291,89,0,0,2025-03-22
776,72.29775280109544,90.65850856501847,95,0,0,2025-02-06
777,80.72862824175131,63.026261459939796,42,0,0,2025-01-16
778,85.52481364448495,70.25867402481084,80,0,0,2025-03-07
779,87.25566570899954,60.0929438910576,99,0,0,2025-03-10
780,94.20672097550678,83.96716368650928,55,0,0,2025-02-12
781,89.77701000933254,83.19615447673753,85,1,0,2025-01-05
782,74.64655641289899,81.07964544176363,15,0,0,2025-03-22
783,91.80197851005963,72.48906766395308,86,0,0,2025-01-31
784,94.10585745283824,70.93319495876032,14,0,0,2025-02-01
785,93.5979044793104,90.57243836255888,98,0,0,2025-03-26
786,98.80780725554622,78.39337681949814,91,0,0,2025-01-23
787,96.33922154548904,88.79629985843374,93,0,0,2025-02-09
788,92.59180079228437,74.37701576650933,90,0,0,2025-02-22
789,87.29834288541353,87.17275291325299,85,0,0,2025-01-04
790,71.39039066484008,100.0,74,0,0,2025-03-15
791,92.29618219132585,92.0339896047134,95,0,0,2025-01-15
792,90.07687687163111,80.05103418140223,98,0,0,2025-01-12
793,90.71578837195374,88.08638764427113,80,0,0,2025-03-16
794,75.2325142417969,82.11201790563744,97,0,0,2025-03-19
795,77.18943459591738,85.09456221633674,85,0,0,2025-03-28
796,98.53152853332904,81.09266737421795,82,0,0,2025-02-20
797,87.60444846143345,83.0279775293753,75,0,0,2025-02-14
798,94.81500697372624,87.5451202368901,34,0,0,2025-03-14
799,88.28318376130461,73.0796956050166,0,0,0,2025-03-03
800,88.29756139495746,72.80945407612026,40,0,0,2025-02-14
801,97.38283805975998,68.33748935402546,81,0,0,2025-02-23
802,82.83955271782627,65.79674674595549,63,0,0,2025-02-24
803,88.96120776940984,70.39260769335425,74,0,0,2025-03-13
804,83.37724711294958,86.91355008164955,99,0,0,2025-03-16
805,83.65503772567685,74.28654981409738,58,0,0,2025-01-18
806,84.90827876531361,91.16337357077316,75,0,0,2025-01-31
807,90.22133771633713,85.41656498503075,22,0,0,2025-02-28
808,83.21251378336522,61.37794943874336,7,0,0,2025-02-13
809,100.0,92.85970701066027,92,1,0,2025-02-10
810,79.05392697780496,94.72958374710052,84,0,0,2025-01-03
811,86.13128355838641,73.07364790198176,92,0,0,2025-02-23
812,83.60268941725825,90.0422985147399,24,0,0,2025-02-12
813,100.0,74.72202115108962,84,0,0,2025-01-16
814,89.96554776511574,86.17204452098002,42,0,0,2025-03-25
815,98.31844539468635,69.82601911654041,38,1,0,2025-03-14
816,73.14439626963028,63.48272256958508,1,0,0,2025-01-20
817,90.67050265869258,80.40619372464438,21,0,0,2025-02-02
818,96.89630795623437,83.51525264470196,51,0,0,2025-03-27
819,88.82283989275425,80.22784367662476,19,0,0,2025-02-01
820,98.65480375065351,70.79163330132928,99,0,0,2025-02-05
821,82.82711549899628,80.20121125442635,51,0,0,2025-03-02
822,100.0,88.23153703096881,21,0,0,2025-03-16
823,100.0,84.46128363852955,33,0,1,2025-02-19
824,84.37161439560342,87.19001236719056,85,0,0,2025-02-15
825,83.54497478599228,76.95861759454921,10,1,0,2025-03-01
826,100.0,99.06061497659391,95,0,0,2025-01-27
827,100.0,70.88591996134264,98,0,0,2025-03-26
828,82.77139972846732,90.85072356504062,41,0,0,2025-02-22
829,83.79813182904142,99.18269311551954,75,0,0,2025-01-11
830,85.18215391139493,90.77089711298675,3,1,0,2025-03-15
831,74.55549488965723,82.56970927522204,88,0,0,2025-02-12
832,78.81348053515802,78.66043544004425,68,0,0,2025-01-31
833,77.95859233247933,97.43305181255508,45,0,0,2025-02-10
834,80.32202434895872,67.92430089685993,34,0,0,2025-03-03
835,87.65315112613219,73.35850887544427,88,0,0,2025-02-07
836,90.3421473253652,80.22930681409935,69,0,0,2025-03-25
837,100.0,99.85184509014398,29,0,0,2025-01-28
838,78.0164595926121,89.55721163249075,90,0,0,2025-02-01
839,97.84322398476584,73.38345089787705,84,0,0,2025-02-03
840,85.86011155774491,81.27630753538115,95,0,0,2025-02-07
841,87.50536290347567,77.62812227084447,19,0,0,2025-03-22
842,94.74819492166604,76.48253209319758,93,0,0,2025-03-23
843,76.77277978437701,96.74667470268135,89,0,0,2025-03-09
844,91.82409746184051,68.53908244883793,19,0,0,2025-01-07
845,89.66452208213056,100.0,90,0,0,2025-02-22
846,92.92451264008149,94.93875628221548,73,0,1,2025-02-26
847,90.89168643907819,98.09034004724438,98,1,0,2025-01-11
848,100.0,79.4447258556969,23,0,0,2025-03-30
849,81.62260015748684,83.20071137105069,88,0,0,2025-02-21
850,82.69003044998182,67.80217822570346,63,0,0,2025-03-14
851,81.76859473575236,78.70405111519837,98,0,0,2025-03-02
852,82.44522880839746,90.92385817171781,54,0,0,2025-01-12
853,81.62612872693482,100.0,98,0,0,2025-02-26
854,99.89016531107552,71.71411819837058,96,0,0,2025-01-01
855,100.0,80.6139287561768,45,0,0,2025-02-24
856,82.29253706250523,83.18440935720973,93,0,0,2025-02-22
857,79.67644426895771,68.25052957369019,99,0,1,2025-03-03
858,92.71415556386404,92.0961909011008,42,0,0,2025-02-18
859,82.47776955719029,76.31211601908869,72,0,0,2025-01-16
860,94.32931817755511,82.65531578587571,82,0,0,2025-02-08
861,90.029230208513,79.57660753705747,49,0,0,2025-03-10
862,72.84255885002769,75.52793793136391,2,0,0,2025-02-25
863,100.0,84.91546017423335,36,0,0,2025-01-14
864,100.0,82.41268505718374,46,0,1,2025-01-22
865,81.87211309515614,80.53770541265601,73,1,0,2025-03-21
866,84.12298440064016,76.25846053983588,28,0,0,2025-03-07
867,90.85865390724905,88.83429604939546,96,0,0,2025-01-16
868,91.34456789987026,100.0,90,0,0,2025-03-09
869,94.5854427267283,86.67864679406952,14,0,0,2025-01-24
870,100.0,96.95341857893355,88,0,1,2025-01-16
871,86.2305277250595,68.31733689815844,88,0,0,2025-01-06
872,80.01702755461547,86.89313727152523,98,0,0,2025-01-16
873,74.20680771985472,71.8315801723472,0,0,0,2025-01-27
874,80.69069960058081,67.27690086961718,41,0,0,2025-01-02
875,87.66873027126204,76.12754311049156,97,0,0,2025-03-21
876,100.0,99.30279201296287,97,0,0,2025-02-26
877,82.82388700963828,96.40018994403574,91,0,0,2025-01-07
878,90.23787951638899,87.9160566646528,92,0,0,2025-02-07
879,87.83577103927247,66.60759328132083,15,0,0,2025-02-24
880,99.88393273448084,82.64463218334475,81,0,0,2025-01-23
881,100.0,88.62040010682082,38,0,0,2025-01-06
882,82.6913122707968,87.10643475494318,30,0,0,2025-01-21
883,83.10560557481777,62.87447699823105,94,1,0,2025-01-14
884,98.44160877069072,74.31618582376154,22,0,0,2025-01-24
885,94.81891489626311,84.2310668302154,78,0,0,2025-03-22
886,100.0,91.43549091420628,98,0,0,2025-02-24
887,93.83928185325964,58.64646614680064,30,0,0,2025-03-14
888,84.40707909212941,83.0545122942417,99,0,0,2025-03-05
889,93.9065483069231,86.71658523854742,99,0,0,2025-01-21
890,99.08703580582907,95.19534386219456,83,0,0,2025-03-30
891,96.20482181197364,93.31429101084925,28,0,0,2025-03-03
892,93.07274031107298,91.99085582570567,52,1,0,2025-03-26
893,98.66674689589154,75.40071391957679,70,0,0,2025-01-08
894,99.69295590445672,62.10397435452031,51,0,0,2025-03-04
895,100.0,80.28336691526319,46,0,0,2025-01-06
896,94.48709887589642,97.01958190250272,99,0,0,2025-02-19
897,86.32881919683146,100.0,25,0,0,2025-03-19
898,89.46713686433323,93.52658922757342,91,0,0,2025-01-04
899,100.0,90.15208987362081,0,0,0,2025-01-24
900,79.83064329012764,89.55567578063159,85,0,0,2025-02-03
901,91.68673308872901,78.32657503887063,97,0,0,2025-01-31
902,84.0666118767264,83.43927647735656,47,0,0,2025-03-21
903,88.28744822934817,100.0,30,0,0,2025-01-26
904,100.0,73.68930393049749,88,0,0,2025-03-11
905,89.91099068019903,100.0,91,0,0,2025-03-31
906,88.46436548156149,81.1356621460953,90,0,0,2025-01-31
907,74.40143859020081,100.0,53,0,0,2025-03-03
908,95.46253566027221,68.11821988602955,42,0,0,2025-02-18
909,94.45484181141076,92.03085041397578,98,0,0,2025-01-08
910,100.0,76.15875836862854,97,0,0,2025-03-10
911,84.92221765046999,68.01679369690976,76,0,0,2025-02-09
912,90.1915032766394,87.62240850893134,95,0,0,2025-02-20
913,90.49383683710755,97.11366146315163,75,0,0,2025-01-27
914,100.0,74.86070273687804,70,0,0,2025-03-20
915,87.04704467613048,67.01180847449919,26,0,0,2025-02-02
916,90.7902152577034,83.89786282798053,71,0,0,2025-02-09
917,94.0789650971654,83.95077605467382,82,0,0,2025-02-19
918,89.86609123156359,91.57983553065398,3,0,0,2025-02-17
919,83.53566385449471,96.39513485637386,74,0,0,2025-01-21
920,89.94089992898307,84.28701782473007,93,0,0,2025-02-24
921,98.73631749859771,100.0,90,0,0,2025-01-17
922,77.73484700588939,87.6908169344235,87,0,0,2025-01-07
923,89.32969674146877,80.8428819279172,97,1,0,2025-03-25
924,80.99879185060827,65.66119169076606,3,0,1,2025-03-14
925,99.95046628924842,81.84808575620599,83,0,0,2025-03-01
926,72.76813095216225,80.96335665506636,93,0,0,2025-01-16
927,82.41078152728412,96.52365755537764,83,0,0,2025-02-02
928,91.7721187506452,90.54980348880225,53,0,0,2025-01-08
929,100.0,70.8475705404086,22,0,0,2025-01-28
930,87.34249738927012,87.06705263693244,96,0,0,2025-03-03
931,82.44800473306802,93.05837406074863,78,0,0,2025-01-30
932,100.0,100.0,96,0,0,2025-03-24
933,73.51986099583756,95.65004760896872,85,0,0,2025-02-16
934,66.01194043379918,94.13015985173773,89,0,0,2025-02-19
935,92.40014450053333,85.72103193538196,93,0,0,2025-01-07
936,82.97945775647389,89.6597440650814,88,0,0,2025-01-23
937,77.78767182869287,99.99405880847391,66,0,0,2025-01-09
938,95.08356447299353,69.00667123024421,81,0,0,2025-01-21
939,90.43800713771199,80.80672807339653,93,0,0,2025-01-07
940,82.35921369263272,75.72917501492512,62,1,0,2025-02-12
941,75.19695601329106,89.54983742471349,64,0,0,2025-01-30
942,96.72457328280144,99.76266610780945,15,1,0,2025-01-29
943,94.50201177958661,77.83630855934712,97,0,0,2025-02-03
944,87.00824136220618,56.316347590366746,15,0,0,2025-02-22
945,100.0,80.05335105970636,88,0,0,2025-01-04
946,77.29915233673847,95.96168478420888,68,0,0,2025-01-08
947,72.74474829075261,91.45155883539856,67,0,0,2025-03-12
948,81.08091930118755,90.13823497372691,89,0,0,2025-01-12
949,87.54413983644503,81.64008037750624,11,0,0,2025-02-07
950,90.43339449322691,69.65163116536256,85,0,0,2025-02-18
951,85.5876394214367,91.18353185949361,92,0,0,2025-02-01
952,91.52055396514297,74.9886182795845,94,0,0,2025-03-09
953,75.48460575809555,100.0,28,0,0,2025-02-05
954,100.0,91.84608650025419,96,0,0,2025-01-07
955,87.17848821607431,78.03222036935259,88,0,0,2025-01-16
956,99.17295831588127,77.66337703133647,96,0,0,2025-03-03
957,91.42725346377703,83.88466952063695,80,0,0,2025-03-22
958,92.56753219153784,82.125976935739,83,0,0,2025-02-02
959,93.69767280232205,98.40200530635946,97,0,1,2025-01-05
960,92.47708560017315,87.23699403692855,96,0,0,2025-02-04
961,94.42722759867544,76.22041913309766,74,0,0,2025-01-11
962,100.0,100.0,45,0,0,2025-01-13
963,89.9652116970147,85.59169997824267,65,0,0,2025-03-08
964,95.09003757588512,94.22607611162677,64,0,0,2025-03-06
965,87.10264305712774,77.70128191066289,47,0,0,2025-01-13
966,100.0,89.35738753293428,44,0,0,2025-03-22
967,81.2360769794073,88.73331989371835,95,0,0,2025-03-18
968,100.0,62.32420849484616,11,0,0,2025-01-31
969,87.59842049355656,100.0,89,0,1,2025-02-16
970,73.69224897881952,100.0,28,0,0,2025-01-23
971,89.2810441491079,80.23365620624814,57,0,0,2025-02-13
972,81.1894834252512,71.77276311452974,10,0,0,2025-02-27
973,96.40643548988724,89.17073936564262,44,0,0,2025-03-09
974,81.4737602069761,86.04037239297276,92,0,0,2025-01-30
975,83.5381656678522,89.26802738275876,96,0,0,2025-01-07
976,69.10459269054469,87.29892875432907,36,0,0,2025-03-04
977,83.47693680750923,91.07489187167111,77,0,0,2025-01-28
978,63.76120673371044,100.0,78,0,0,2025-03-07
979,72.16097176514276,91.81723846154375,96,0,1,2025-03-28
980,95.60414656144297,72.40413401308071,92,0,0,2025-02-13
981,95.85800158650832,100.0,81,0,0,2025-03-29
982,92.25457561784965,100.0,89,0,0,2025-02-06
983,78.33023856870787,100.0,95,0,0,2025-01-22
984,87.5228864385802,71.51807160112483,1,0,1,2025-01-25
985,87.96397460909432,87.9145841578033,67,0,0,2025-02-03
986,76.41635310807457,60.01481556173215,97,0,0,2025-03-18
987,100.0,91.63778987655051,91,0,0,2025-03-17
988,96.77362290575671,78.42159642199873,83,0,0,2025-01-22
989,85.79035826170336,100.0,82,0,0,2025-03-02
990,88.26885838994531,75.70462035977701,57,0,1,2025-03-07
991,90.08382807947552,64.72980354439287,82,0,0,2025-03-10
992,67.58265131575709,79.34483511156976,88,0,1,2025-03-02
993,85.52822617479403,61.29414674539435,69,0,0,2025-01-20
994,81.18015752002202,94.01319345408773,91,0,0,2025-03-08
995,77.98379990105084,60.219003444924155,95,1,0,2025-03-30
996,85.18899707114045,85.34149097419791,25,0,0,2025-01-07
997,100.0,60.06625816172564,75,0,0,2025-03-10
998,94.4084286126701,81.15642634556029,68,0,0,2025-01-17
999,82.28821010217203,100.0,90,0,0,2025-03-07
1000,93.72582781356158,89.32777469722954,41,0,0,2025-01-06
1001,100.0,74.63807674042079,88,0,0,2025-01-20
1002,97.24633682912769,84.62555813273099,96,0,0,2025-02-15
1003,88.59630369920174,85.21620246453335,69,0,0,2025-02-21
1004,81.53063222294426,90.67156415012087,97,0,0,2025-03-13
1005,94.9822331361359,68.59769964063008,99,0,0,2025-03-13
1006,91.9348538542175,92.11080728616797,17,1,0,2025-02-02
1007,96.95193220027733,52.547300420766696,38,0,0,2025-02-01
1008,94.35171801681969,77.44138537163428,98,0,0,2025-01-31
1009,98.49552715319335,79.14071389058147,98,0,0,2025-03-29
1010,82.64764788439432,92.59992191285487,16,0,0,2025-02-15
1011,100.0,85.27157023212243,2,0,0,2025-03-22
1012,89.975996046924,68.13324335372457,26,0,0,2025-01-12
1013,100.0,73.18008249019582,99,0,0,2025-02-26
1014,81.10812181910433,87.38416011456889,29,0,0,2025-03-04
1015,100.0,84.05119189762533,81,0,0,2025-03-17
1016,89.97910783462648,78.05051068437105,95,0,0,2025-02-12
1017,81.48581996385552,79.22999452585624,3,0,0,2025-03-15
1018,83.16114165945679,93.35401596591147,86,0,0,2025-03-19
1019,84.7965269180568,78.78768912556943,46,0,0,2025-02-11
1020,92.24165946401916,83.94290507165113,95,0,0,2025-02-03
1021,93.228354880355,100.0,47,0,0,2025-02-04
1022,82.26299996061421,67.91580835739292,90,0,0,2025-02-13
1023,87.75645407739017,62.777887221104095,89,1,0,2025-01-22
1024,100.0,94.40307597758328,36,0,0,2025-03-19
1025,100.0,76.85628326447076,5,0,0,2025-01-21
1026,92.36323669674032,81.18114966708856,68,0,0,2025-02-17
1027,88.380034781682,75.62612346242663,48,0,0,2025-03-04
1028,89.20031326718261,81.88239831078985,94,0,0,2025-02-01
1029,94.13517972730416,100.0,93,0,0,2025-02-13
1030,77.77207434801595,94.62554150341744,76,0,0,2025-03-01
1031,85.42623462576655,95.34668214264373,86,0,0,2025-01-09
1032,71.3141592612241,68.00527533048825,86,0,0,2025-02-09
1033,91.9922312260528,71.18615516136558,94,1,0,2025-03-05
1034,94.4719593970274,50.93105608617488,70,0,0,2025-03-15
1035,83.16813537700627,75.28743014700694,45,0,0,2025-01-05
1036,100.0,96.4804382366279,44,0,0,2025-01-11
1037,75.7423433699766,91.20335818898045,82,0,0,2025-03-01
1038,73.3562511979018,82.34184084457452,74,0,0,2025-01-10
1039,90.24451818559972,84.73239659538336,73,0,0,2025-01-19
1040,98.47098302612154,76.73337348909513,15,0,0,2025-02-02
1041,100.0,87.4571065888214,91,0,0,2025-03-03
1042,83.4111573713106,94.19053935376738,35,0,0,2025-02-04
1043,98.78680833431295,65.60935855107432,32,0,0,2025-03-23
1044,87.61491530499293,88.59577225404817,68,0,0,2025-01-22
1045,86.2737270005918,96.18921845145601,37,0,0,2025-01-19
1046,96.83659937486672,80.01879653243957,85,0,0,2025-01-02
1047,94.52322878413419,93.408407345447,61,0,0,2025-02-14
1048,72.2360784301575,100.0,74,0,0,2025-02-04
1049,100.0,83.74788648415729,82,1,0,2025-02-20
1050,100.0,89.71968460006389,33,1,0,2025-03-15
1051,81.7443729849047,76.1433149960633,25,0,0,2025-02-26
1052,91.95803533437409,87.1750139512246,96,0,1,2025-02-21
1053,92.94030186282738,90.52325949978764,72,0,0,2025-03-10
1054,90.60673765823907,87.33810808324165,68,1,0,2025-03-31
1055,82.4969484615458,72.76365616349372,5,0,0,2025-01-02
1056,81.28376632061949,87.47634125590541,80,0,0,2025-03-01
1057,87.74445929008554,100.0,83,0,0,2025-02-01
1058,99.72729019259364,90.38362917417433,83,0,0,2025-02-14
1059,93.43600154594432,96.5438462688621,90,0,0,2025-03-09
1060,84.29385667913894,82.15585635984847,29,0,0,2025-02-21
1061,95.71698710648344,93.99880287308453,42,0,0,2025-02-16
1062,59.51457379369924,88.35121405859832,94,0,0,2025-03-09
1063,99.48765700372104,73.58907124375321,98,0,0,2025-03-23
1064,70.60286221221901,88.8222520575865,22,0,0,2025-02-03
1065,84.37559058596868,73.09964003871627,80,0,0,2025-02-02
1066,76.80330105373856,77.4054367013825,35,0,0,2025-03-11
1067,75.05318524279095,87.27193968750849,10,0,0,2025-02-09
1068,99.6082678737852,88.56693128056149,54,0,0,2025-02-02
1069,83.32298798688109,70.72921041907445,23,0,0,2025-03-10
1070,91.46503881730716,97.64782925419452,90,0,0,2025-02-06
1071,87.53079421120816,91.86407533960568,82,0,0,2025-01-24
1072,92.77040827223121,76.54325877266939,23,0,0,2025-03-24
1073,88.76821891060256,66.5489824426099,1,0,0,2025-03-18
1074,75.1700777581143,83.26114505102282,94,0,0,2025-03-01
1075,97.9626681944714,79.64867543366609,29,0,0,2025-01-25
1076,83.06243416838687,86.35768548463628,86,0,0,2025-01-27
1077,72.4341810134025,80.6426000661332,56,1,0,2025-02-03
1078,83.71884839034088,60.91051767105988,85,0,0,2025-01-21
1079,100.0,80.3398367403861,52,0,0,2025-02-12
1080,96.50221742113493,81.33257066718025,14,0,0,2025-01-12
1081,84.5134786559214,92.60393229728871,37,0,0,2025-02-12
1082,84.50742295681572,76.62160390466741,31,0,0,2025-03-13
1083,84.78364948782617,100.0,71,0,0,2025-03-28
1084,100.0,62.06031339217891,88,0,0,2025-03-10
1085,91.81935452231554,100.0,43,0,0,2025-02-28
1086,92.3004164719107,82.30817234946274,2,1,0,2025-03-17
1087,98.30283454031843,95.31501846812267,81,0,0,2025-03-21
1088,90.38789159026514,85.9576178087048,86,0,0,2025-01-10
1089,85.40957854179297,98.67466643230563,98,0,0,2025-02-28
1090,86.03650150915021,80.35165642536626,85,1,0,2025-03-01
1091,87.28398740585936,71.81655489786625,78,0,0,2025-01-10
1092,87.62777763490159,100.0,84,0,0,2025-03-14
1093,95.2762954363698,83.6382322494143,97,0,1,2025-01-18
1094,88.519458858073,87.65870168349053,94,0,0,2025-02-16
1095,95.3264007721558,99.81702296853754,53,0,0,2025-02-24
1096,87.19283419891417,72.61653709486679,39,0,0,2025-01-02
1097,88.7863519031609,92.14589077167109,43,0,0,2025-03-05
1098,68.01799315467892,77.92126292244531,81,0,0,2025-02-14
1099,97.16327674702481,83.41396773226754,92,1,0,2025-01-05
1100,91.46488475897992,85.86734758461147,81,1,0,2025-03-01
1101,97.98010109859652,66.99733766263677,11,0,0,2025-02-11
1102,59.03744621806311,75.65395548615479,91,0,0,2025-01-19
1103,100.0,100.0,93,0,0,2025-01-18
1104,86.60410371844826,95.63429426301755,48,0,0,2025-02-03
1105,99.08182816737516,84.24832507207319,89,0,0,2025-03-03
1106,77.60094072874469,87.91748150215471,71,0,0,2025-01-02
1107,94.12773905062569,81.46908993236251,96,0,0,2025-03-28
1108,77.46584436826343,100.0,95,0,0,2025-02-24
1109,81.76231039304194,82.59576906647004,82,0,0,2025-03-13
1110,100.0,87.78210510561817,90,0,0,2025-03-28
1111,86.09317599236654,98.75236172970477,96,0,0,2025-02-11
1112,90.17432873179723,75.67154218184912,80,0,0,2025-02-12
1113,96.70067730688754,100.0,52,0,0,2025-03-05
1114,92.95681887972604,66.63446308307948,92,0,0,2025-03-23
1115,89.50418905143576,100.0,36,0,0,2025-03-08
1116,91.64961002466225,80.52789299257631,64,0,0,2025-03-09
1117,100.0,82.08761502609661,95,0,0,2025-02-09
1118,87.42381202966415,62.319877945804684,91,0,0,2025-02-01
1119,90.01099046714967,79.54246339146769,67,0,0,2025-03-13
1120,98.50654396007612,72.52232162767739,35,0,0,2025-01-27
1121,99.05525932957984,77.70824385551833,59,0,0,2025-01-08
1122,99.8703030556038,83.35226841053344,47,0,0,2025-01-07
1123,94.38730222029184,96.49349937367487,29,0,0,2025-02-13
1124,76.56995087269516,87.49124021680751,91,0,0,2025-01-17
1125,100.0,88.69211984081336,42,0,0,2025-03-06
1126,76.53654606981311,71.85376733385326,75,0,0,2025-02-16
1127,91.02635465239034,74.43095092476725,64,0,0,2025-01-22
1128,80.45724149980641,100.0,99,0,0,2025-01-30
1129,87.35861653407008,76.17758758284104,65,0,0,2025-01-09
1130,91.2876241030348,100.0,13,0,0,2025-01-11
1131,91.21357215450273,82.0832656134296,14,0,0,2025-01-05
1132,92.21920754235285,85.02745523372205,85,0,0,2025-02-27
1133,100.0,97.84438192275915,85,0,0,2025-02-10
1134,92.5353430151398,100.0,69,0,0,2025-03-20
1135,85.55843364709351,83.67024927665095,71,0,0,2025-01-27
1136,97.64087168288357,80.34108335774154,8,1,0,2025-01-26
1137,99.89470488924641,84.32895461773344,81,0,0,2025-01-18
1138,75.72392184863007,89.05549033878542,81,0,0,2025-01-31
1139,93.97400069849859,95.69564424243707,24,0,0,2025-01-15
1140,95.01172742310898,85.05075830792983,17,0,0,2025-01-08
1141,85.02436496640009,92.42663557627785,20,0,0,2025-01-22
1142,100.0,100.0,16,0,1,2025-03-29
1143,86.49944412967473,89.57571534717742,86,0,0,2025-01-10
1144,89.25576453471542,88.73983427205734,32,0,0,2025-01-24
1145,86.26928175716131,66.77307009891919,41,0,0,2025-02-18
1146,88.15579047581467,53.43123835805124,28,0,0,2025-01-08
1147,77.03724913104799,89.66050875076202,98,0,0,2025-01-19
1148,73.59949117405705,83.86210922462953,95,0,0,2025-01-30
1149,100.0,78.82260790102309,38,0,0,2025-03-07
1150,79.53038651681672,87.92236245023614,54,0,0,2025-03-17
1151,78.08607650543692,84.2751552496371,34,0,0,2025-02-25
1152,66.46609886396286,98.53336300760678,80,0,0,2025-03-01
1153,81.61038252310497,86.03333041910774,3,0,0,2025-01-05
1154,74.76910206592501,76.036920579158,89,0,0,2025-02-15
1155,100.0,96.88199486751147,82,0,0,2025-01-19
1156,98.09817089342634,82.39442710064557,96,0,0,2025-02-21
1157,81.11849654822277,91.31844020406768,27,0,0,2025-02-03
1158,100.0,79.2710715256864,93,0,0,2025-01-06
1159,97.81765486991594,77.20207737403076,93,0,0,2025-02-28
1160,84.75168616491378,86.01001876222836,21,0,1,2025-01-13
1161,63.005942851264265,85.15394372252422,66,0,0,2025-01-11
1162,100.0,90.75792442440199,28,0,0,2025-03-08
1163,74.10427533236404,81.7762509602831,42,0,0,2025-03-09
1164,71.54601253043108,62.963682594755234,43,0,0,2025-02-20
1165,98.2257043200964,79.80671339693933,83,0,0,2025-02-11
1166,100.0,94.52582160572578,68,0,0,2025-03-09
1167,100.0,81.43148704908272,98,1,0,2025-02-26
1168,93.6390912005236,82.04339916982542,21,0,0,2025-01-12
1169,93.94754341665286,96.83651807087125,99,0,0,2025-01-10
1170,96.53415558780307,76.45632127289292,38,0,0,2025-02-20
1171,95.58928589786765,66.4863613810852,92,0,0,2025-02-22
1172,90.81191423969376,83.07242656569407,56,0,0,2025-01-12
1173,89.04201103951875,79.18991258501515,23,0,0,2025-01-11
1174,87.37406872100478,73.40504416296095,95,0,0,2025-02-21
1175,80.46035411133323,82.89545852921572,51,0,0,2025-03-22
1176,85.19324923133226,90.8980677669614,88,0,0,2025-03-21
1177,71.07043185804615,84.88853726118622,84,0,0,2025-01-28
1178,87.0166037320525,88.68377287223485,78,0,0,2025-03-08
1179,78.11408892849083,100.0,80,0,0,2025-02-20
1180,76.96410682784229,80.88545366130923,91,0,0,2025-02-18
1181,89.79894151153478,88.34018361573604,14,0,0,2025-03-15
1182,100.0,78.88943964881038,89,0,0,2025-02-22
1183,97.18316606002313,74.84368336135633,96,0,0,2025-02-20
1184,72.29499396376823,77.98110815898676,9,0,0,2025-02-18
1185,78.10371863429663,79.25489714173973,23,1,0,2025-03-28
1186,97.40771187988216,89.3137095705655,91,0,0,2025-02-20
1187,78.1751260646169,100.0,72,0,0,2025-03-13
1188,85.75366850002976,76.40747876468991,67,0,0,2025-03-26
1189,93.50052099024552,80.00049633261445,22,0,0,2025-03-27
1190,78.31655545136366,84.24252384266502,81,0,0,2025-03-08
1191,89.0537550614596,89.74958618451697,21,0,0,2025-03-12
1192,74.65974505081796,88.16260974345742,79,0,0,2025-03-03
1193,81.98632356048786,100.0,92,0,0,2025-02-02
1194,91.19781934142537,55.8832951535775,43,0,0,2025-02-05
1195,72.0700626646833,56.356841557651926,80,0,0,2025-03-05
1196,92.40474737960399,79.04946193587821,99,1,0,2025-02-02
1197,87.80362201073319,98.16760225052451,90,1,0,2025-03-04
1198,93.52489954417148,66.21222362073284,95,0,0,2025-01-07
1199,90.23914134064661,48.90841192367491,69,0,0,2025-02-18
1200,100.0,91.8541528746305,92,0,0,2025-03-01
1201,89.25224502647907,87.92388668443257,6,0,0,2025-03-09
1202,83.70594458874747,71.91749911840684,20,0,1,2025-02-14
1203,89.22297503032284,73.17352479134884,33,1,0,2025-02-20
1204,93.43298029036387,73.3630753643839,66,1,0,2025-01-07
1205,88.48860070325705,86.32642380968728,95,0,0,2025-03-31
1206,88.40591691203882,77.48421668580391,57,0,0,2025-03-22
1207,80.98008312193245,90.92876702770624,88,0,0,2025-02-20
1208,81.37099082449052,50.744480045147306,90,0,0,2025-03-11
1209,73.97394728200307,74.71777761846641,85,0,0,2025-03-21
1210,100.0,71.48735246906739,59,0,0,2025-03-06
1211,75.56136764608715,81.9239118595301,84,0,0,2025-03-02
1212,81.07094802204092,78.54342689811834,57,0,0,2025-03-07
1213,80.81592734430802,94.5741253587492,13,1,0,2025-01-26
1214,96.94924376944441,62.68795874007931,99,0,0,2025-02-07
1215,85.05050321707972,85.54589771596902,21,0,0,2025-02-28
1216,100.0,91.70003707854046,12,0,0,2025-02-02
1217,81.26509375756132,100.0,96,0,0,2025-02-05
1218,90.78994162223802,79.21880834687829,50,0,0,2025-01-01
1219,79.64652946740243,88.8935032522302,88,0,0,2025-01-27
1220,100.0,63.35364648925162,54,1,0,2025-02-09
1221,76.12401580970487,56.296525548243714,65,0,0,2025-03-27
1222,91.09820710227028,95.1372925093804,43,0,0,2025-03-08
1223,94.33776880932099,84.93327647622316,57,0,0,2025-02-26
1224,92.13799097451498,99.14215227758108,68,0,0,2025-01-11
1225,86.14712341122292,68.519165332363,91,0,0,2025-03-30
1226,86.70179300266574,91.23882567434504,81,0,0,2025-02-12
1227,88.4381147197911,100.0,98,0,0,2025-03-29
1228,86.52997998371511,90.03646730028719,6,0,0,2025-01-07
1229,97.6387911679491,88.31897806709259,81,0,0,2025-01-25
1230,100.0,85.1026729698922,85,0,0,2025-01-27
1231,82.42508214992166,66.14942251448906,97,0,0,2025-02-10
1232,74.30197020420923,100.0,8,0,0,2025-03-10
1233,87.11717951648745,77.6697083223392,84,0,0,2025-02-10
1234,100.0,91.0537990765962,95,0,0,2025-02-18
1235,79.9632543203027,66.24358832114495,40,0,0,2025-02-15
1236,100.0,70.84648402590663,96,0,0,2025-01-22
1237,100.0,100.0,3,1,0,2025-03-24
1238,82.46411758292005,80.83237253250589,91,0,0,2025-02-13
1239,93.68983079185276,100.0,97,0,0,2025-01-29
1240,100.0,84.06123209129778,88,0,1,2025-03-17
1241,84.20872259012513,62.897226724505714,73,0,0,2025-03-02
1242,85.96419639897638,95.70481119678064,7,1,0,2025-02-24
1243,82.18319086051356,77.9212921869327,97,0,0,2025-02-04
1244,77.85243269307134,93.38426576220452,78,0,0,2025-03-12
1245,81.50722454933992,85.30253041048098,4,0,0,2025-02-17
1246,75.76059733237743,66.48258126468556,90,0,0,2025-02-15
1247,88.34083468259226,86.97153718444683,80,0,0,2025-02-04
1248,80.30026768941359,100.0,20,0,0,2025-01-15
1249,90.33785911790747,90.91583750217352,35,0,0,2025-03-15
1250,72.44104353796372,84.30978696393444,10,0,0,2025-03-01
1251,91.30880232214457,97.90412082348277,84,0,0,2025-02-02
1252,96.33528961608924,87.52802158243733,87,0,0,2025-03-31
1253,68.06264357428545,87.51441076315353,81,0,0,2025-02-13
1254,91.74056569847572,71.90049793409077,94,0,0,2025-03-15
1255,100.0,87.80617630947518,95,0,0,2025-01-02
1256,75.90358981308795,97.42532099700334,86,1,0,2025-01-18
1257,100.0,74.9672541747997,2,0,0,2025-03-27
1258,92.19019009366045,100.0,90,0,0,2025-03-11
1259,80.94988144241591,83.89952771025848,69,0,0,2025-03-12
1260,87.44230922342294,74.3467658615375,84,0,0,2025-02-18
1261,93.58326912521723,96.97158492304294,88,0,0,2025-02-20
1262,88.76005391412411,81.55846917114077,58,0,0,2025-03-04
1263,93.38755992446369,94.11417864983329,97,1,0,2025-01-21
1264,78.79326406920634,81.49889641289755,22,0,0,2025-01-30
1265,89.69360824036077,84.28208627764116,89,0,0,2025-01-06
1266,73.8628550309502,90.9227224520115,0,0,0,2025-01-15
1267,86.88773938651299,88.49076469108007,97,0,0,2025-01-19
1268,78.9609235853521,61.05361863457914,18,1,0,2025-01-14
1269,80.64470057410233,71.5450751188673,15,0,0,2025-02-24
1270,100.0,96.15291981748979,55,0,0,2025-03-04
1271,98.9131012059427,83.41436093318143,62,0,0,2025-02-08
1272,94.09138120907177,78.71522436674294,35,0,0,2025-02-28
1273,77.07687235327421,68.69711181691031,85,0,0,2025-01-02
1274,84.83591550305198,72.04316414468983,73,0,0,2025-01-06
1275,100.0,60.73841632045663,5,0,0,2025-01-30
1276,89.41716913639905,83.78463137558161,53,0,0,2025-03-05
1277,100.0,77.81874903302744,94,0,0,2025-01-23
1278,91.93317839394372,73.40094530817622,90,0,0,2025-01-26
1279,89.92049116490031,84.18251889798456,91,0,0,2025-03-19
1280,84.908835357975,89.36764757023286,90,0,0,2025-01-31
1281,89.33540904782282,100.0,51,0,0,2025-01-25
1282,86.47530163619456,66.85739896524143,16,0,0,2025-03-04
1283,95.0810867668859,98.91257251960627,45,0,0,2025-02-24
1284,97.56702316794585,96.67721873218086,94,0,0,2025-01-20
1285,80.14010539492051,75.65088712747959,99,0,0,2025-03-06
1286,74.68767046442221,87.43883145503237,80,0,0,2025-02-15
1287,69.63794626896703,79.50840100794862,1,0,0,2025-03-03
1288,93.07991326912544,87.22826296502487,23,0,0,2025-02-06
1289,76.96633393826127,100.0,53,0,0,2025-03-04
1290,66.47109407047517,92.26727479157576,84,0,0,2025-02-22
1291,91.88578604530964,91.1033004788013,12,0,0,2025-03-11
1292,100.0,79.83628816054429,98,0,0,2025-03-19
1293,87.93929088460106,67.19132002090798,60,0,0,2025-01-06
1294,96.38490774451643,82.49838147351511,97,1,0,2025-01-04
1295,88.81829358547564,99.47929785836698,93,0,0,2025-03-10
1296,87.01110346808858,66.67398572092424,92,0,0,2025-03-26
1297,97.19076482987768,72.33892758187966,86,0,0,2025-02-16
1298,85.09725455811349,86.51521283480882,87,0,0,2025-03-21
1299,90.67392314071903,73.18414258183284,87,0,0,2025-01-02
1300,91.21697806196013,75.48971863461745,87,0,0,2025-01-22
1301,81.31909546356951,79.91681701926187,83,0,0,2025-03-19
1302,97.92042349536523,68.61259114971821,99,0,0,2025-03-31
1303,86.25040243304592,73.31053784540359,91,1,0,2025-02-09
1304,80.44254840507155,93.4411350014477,93,0,0,2025-03-14
1305,93.36509843570404,69.31156261322843,96,0,0,2025-01-19
1306,79.01532018208962,65.82553438606195,35,0,0,2025-01-02
1307,88.28181157369129,77.43970024559327,13,0,0,2025-01-17
1308,87.90881003355797,93.78346603011815,80,1,0,2025-03-02
1309,98.85895565831578,82.63693830403733,81,0,0,2025-03-19
1310,92.74698232879953,79.42502706261259,94,1,0,2025-01-04
1311,87.74973041254856,85.53230557018729,73,0,0,2025-03-23
1312,96.17766299200287,64.05151080568417,84,0,0,2025-02-10
1313,100.0,90.93646784530038,82,0,0,2025-01-21
1314,93.57810306351863,89.60122037684373,6,0,0,2025-01-19
1315,88.10352619843381,80.08829831085134,86,0,0,2025-01-01
1316,74.8816376764984,97.071094141557,94,1,0,2025-01-01
1317,77.34886336924627,71.47004681256354,26,0,0,2025-02-05
1318,84.94775295645333,98.53490791904284,85,0,0,2025-02-04
1319,81.90487797840717,86.85392398714302,85,0,0,2025-01-04
1320,86.13028697014553,80.96136892146193,27,0,0,2025-03-16
1321,88.56649924897107,84.76151637558026,20,0,0,2025-02-04
1322,93.2969275435673,83.7128228102687,99,0,0,2025-03-02
1323,87.29501221940909,99.6433947570126,65,0,0,2025-01-28
1324,92.86501643826202,72.07985047034784,37,0,0,2025-01-30
1325,88.6447441481012,75.84976913024082,28,0,0,2025-01-14
1326,68.24533433646128,97.43563470486976,89,0,0,2025-03-11
1327,78.60664606181246,77.8535807777937,86,0,0,2025-01-07
1328,86.55912444278384,95.8063969279791,88,0,0,2025-03-12
1329,75.90305257158893,100.0,14,0,0,2025-02-15
1330,93.99928729996205,80.1784596767004,96,0,0,2025-01-08
1331,100.0,93.17634791890366,64,0,0,2025-03-02
1332,100.0,71.1556926239217,52,0,0,2025-02-26
1333,85.86557129069791,94.05679957681372,77,0,0,2025-02-25
1334,100.0,87.3930878318412,65,0,0,2025-01-29
1335,89.48667457202112,90.67645938592258,95,0,0,2025-02-19
1336,84.62914028881961,77.25313513557526,97,0,0,2025-02-24
1337,81.8659733645906,65.06699901319394,50,1,0,2025-02-13
1338,84.97530313511872,91.03902477699405,95,0,1,2025-03-25
1339,84.11823181458772,60.239162170246544,93,0,0,2025-01-06
1340,89.70416222375488,81.19179409308958,97,0,0,2025-02-07
1341,89.60573981049865,96.29418239703963,40,0,0,2025-01-07
1342,88.03046020153414,87.30277283047643,84,0,0,2025-01-26
1343,92.3693816974635,100.0,45,1,0,2025-01-16
1344,99.90646274786342,97.30130983098128,94,0,0,2025-03-23
1345,97.49554135441323,77.15321934009309,0,0,0,2025-03-09
1346,73.15102031550097,85.32776055821726,84,0,0,2025-02-15
1347,62.46078865098045,84.43155156946676,56,0,0,2025-02-20
1348,97.34319911239274,66.01387883984647,53,0,0,2025-01-06
1349,74.33121301584579,73.71521300218777,88,0,0,2025-02-16
1350,85.75234598107316,78.27086911624167,95,1,0,2025-03-16
1351,76.2988697394064,60.56535396572876,86,0,0,2025-02-24
1352,69.98019562419981,85.56992161901971,95,0,0,2025-03-22
1353,93.41462728204787,82.01113786416352,44,1,0,2025-02-14
1354,95.59155160302647,64.9252731842611,81,0,0,2025-02-23
1355,82.2348959927328,89.85055438332799,75,0,0,2025-01-08
1356,62.0895770785509,93.59047293629152,1,0,0,2025-02-27
1357,82.53755551747517,87.72441374637867,83,0,0,2025-02-25
1358,91.91804005402547,81.11118189749236,89,0,0,2025-02-18
1359,73.21088431225871,92.09730582102226,85,0,0,2025-03-16
1360,89.83359919779156,93.1626443257203,91,0,0,2025-03-12
1361,87.84690150827005,88.68884283663625,84,0,0,2025-02-10
1362,93.79291499601088,75.10465299478287,11,0,0,2025-01-28
1363,89.19580368414154,88.31920918613417,19,0,1,2025-01-22
1364,78.26931059118445,99.34576780990575,85,0,0,2025-03-28
1365,99.96571501664491,77.84045129665924,45,0,0,2025-01-08
1366,86.4147042697303,100.0,13,0,0,2025-01-11
1367,87.72695460490068,78.69242879217539,71,0,0,2025-01-16
1368,78.66732040926804,85.38888416008163,83,0,0,2025-01-05
1369,83.5671774880849,76.93017284792397,54,0,0,2025-01-23
1370,79.15197285973099,87.67925003104313,91,0,0,2025-01-29
1371,86.27053940076577,64.0933396883767,88,0,0,2025-03-22
1372,100.0,78.44749841419934,55,0,0,2025-01-23
1373,74.28098857068643,71.89454559581719,92,0,0,2025-02-11
1374,71.86438602123259,86.6240601747075,88,0,0,2025-03-15
1375,100.0,96.93336850610689,87,0,1,2025-02-23
1376,85.90676322848134,92.75207424537462,83,0,0,2025-01-30
1377,81.30927261340084,56.54008766969329,1,0,0,2025-02-05
1378,98.39904687396077,100.0,90,0,0,2025-03-22
1379,81.94384460263136,88.54335928745041,62,0,0,2025-02-23
1380,100.0,75.682010314084,98,0,0,2025-01-12
1381,94.7792587133927,86.8855350278913,94,0,0,2025-01-25
1382,83.12088591854297,87.11427787003231,85,1,0,2025-01-19
1383,100.0,76.99781539658123,42,0,0,2025-03-27
1384,81.94285076996661,87.3750000081049,33,0,0,2025-03-16
1385,95.42095372009307,77.71033254855631,56,1,0,2025-02-04
1386,90.99292580406492,80.14765608771972,79,0,0,2025-02-26
1387,100.0,76.76465037093898,49,1,0,2025-01-18
1388,100.0,67.80794452312416,81,0,0,2025-03-29
1389,88.32004149065767,86.7500376425846,27,0,0,2025-01-15
1390,80.46582129653817,92.02359323819606,99,0,0,2025-02-09
1391,92.59972142939117,91.17860315291647,17,1,0,2025-02-20
1392,81.22284630247894,94.83910303162281,97,0,0,2025-03-01
1393,100.0,88.89208252017842,97,0,0,2025-02-07
1394,89.36535331082737,78.60729402139715,82,0,0,2025-01-23
1395,84.34678448687892,95.07596637317427,91,0,0,2025-01-29
1396,89.84680305864909,68.70978952189678,72,0,0,2025-02-04
1397,74.52873710470304,74.19194340985024,87,0,0,2025-03-08
1398,78.28385961489349,73.42959914292106,56,1,0,2025-03-18
1399,100.0,97.96067270967173,50,0,0,2025-03-24
1400,81.43105721028604,96.3134621696809,84,0,0,2025-02-26
1401,77.53089017318061,90.84766284453994,80,0,0,2025-02-25
1402,93.36652752527286,97.86315838254157,84,1,0,2025-03-23
1403,99.85704154662997,74.44860661105614,47,1,0,2025-02-09
1404,95.18953310665067,89.18314143833176,61,0,0,2025-01-29
1405,97.96047685805816,83.49790685940204,13,0,1,2025-03-18
1406,80.43204911430539,95.16258524661896,8,0,0,2025-02-13
1407,73.78189333258156,83.61730920937363,42,0,0,2025-01-16
1408,100.0,80.38068533907902,12,0,0,2025-02-19
1409,84.77320161157864,91.49090222273188,17,0,0,2025-03-20
1410,85.49166983544953,95.51403000629479,94,0,0,2025-01-31
1411,100.0,76.97985766183838,6,0,0,2025-01-10
1412,93.5623000940066,84.26709194377149,88,0,0,2025-02-09
1413,92.55887772081607,72.29871239630017,45,0,0,2025-03-29
1414,100.0,55.02326779008473,95,0,0,2025-01-16
1415,81.56481769619857,87.40551557696475,80,0,0,2025-03-16
1416,97.27840128081237,92.30686427505559,50,1,0,2025-02-20
1417,88.57013124897084,88.1448017090407,81,0,0,2025-03-08
1418,90.68592278863257,61.605259386947594,63,0,0,2025-02-10
1419,100.0,80.7898068390823,84,0,0,2025-03-16
1420,93.07835756289624,58.379826879387025,19,0,0,2025-01-25
1421,93.38296079049633,100.0,99,0,0,2025-01-20
1422,98.72507337309803,71.96734501458297,70,0,0,2025-03-27
1423,84.35047270457115,100.0,58,0,0,2025-03-30
1424,79.60790332660994,96.35043572420975,90,0,0,2025-03-27
1425,77.55190805978967,74.19291576956726,60,0,0,2025-03-11
1426,68.33643410623998,71.40658058478706,94,0,0,2025-02-05
1427,100.0,89.20444259663606,75,0,0,2025-02-26
1428,76.96791634278317,74.86811155380315,91,0,0,2025-03-15
1429,85.78746376414227,86.22981570589849,17,0,0,2025-01-04
1430,85.2318670011108,79.20606891031699,95,0,0,2025-01-15
1431,91.07406697809101,63.6260990264124,91,0,0,2025-01-31
1432,96.15737212539297,58.23438377050649,35,0,0,2025-01-04
1433,96.60473488359746,87.72021098193517,24,0,0,2025-03-01
1434,82.16922561431062,78.26130704403249,52,0,0,2025-02-14
1435,86.32878286213588,78.36292219703041,99,0,0,2025-03-22
1436,90.825799504883,93.35036606912543,42,0,0,2025-02-11
1437,85.51308873816453,99.08130731958934,76,0,0,2025-01-03
1438,100.0,81.7294633436583,5,0,0,2025-02-05
1439,92.90974951638252,80.91281551708167,66,0,0,2025-01-08
1440,95.34877786049817,91.00171639736661,84,1,0,2025-01-10
1441,94.62881268667412,68.7167731636051,98,0,0,2025-02-12
1442,99.73473857485325,87.67783665697236,81,0,0,2025-03-24
1443,89.81021558703706,91.62263166186585,94,0,0,2025-03-13
1444,75.03168052044154,93.16276250101154,83,0,0,2025-02-11
1445,91.99687951752642,61.75896756997042,6,0,0,2025-03-27
1446,81.4864310620817,75.86373676229272,52,0,0,2025-02-18
1447,82.71383318250243,74.4608409661184,84,0,0,2025-01-04
1448,93.86364018755093,86.19864345291056,98,0,0,2025-02-06
1449,100.0,90.7689349572158,95,0,0,2025-01-28
1450,88.21271576736062,100.0,38,0,0,2025-01-11
1451,91.08833012598964,79.06041423558312,36,0,0,2025-03-15
1452,100.0,79.02913002028943,33,0,0,2025-02-22
1453,90.40753179488568,98.79606422654496,97,1,0,2025-03-02
1454,100.0,88.55892326236366,95,0,0,2025-02-04
1455,93.65509645631545,100.0,92,0,0,2025-03-09
1456,70.39237240844182,88.46473603611804,65,0,0,2025-01-13
1457,95.53341621104532,71.11460057544075,81,1,0,2025-02-22
1458,91.81158384882778,69.00245974266632,77,0,0,2025-02-28
1459,100.0,66.38185301129285,42,0,0,2025-02-18
1460,94.73181351269959,92.94462201710168,81,1,0,2025-01-05
1461,86.61544016016227,99.2631618770441,5,0,0,2025-01-12
1462,75.75701763710634,100.0,21,0,0,2025-02-11
1463,85.90976742713974,95.11726398787889,96,0,0,2025-01-29
1464,79.494795457907,98.95406293041984,92,0,0,2025-03-12
1465,82.19476550195277,78.03980400815578,70,0,0,2025-01-03
1466,93.88578404420609,71.12301019907372,81,1,0,2025-03-24
1467,100.0,95.20095198901063,61,0,0,2025-03-16
1468,91.9467152982298,90.01216902687281,91,0,0,2025-03-08
1469,76.04116937964815,86.28933249209071,93,0,0,2025-01-27
1470,92.4460266822014,89.64845776759589,92,0,0,2025-02-12
1471,99.96631486645651,88.87822578949847,91,0,0,2025-02-22
1472,81.90217095680617,100.0,34,0,0,2025-01-20
1473,86.65982833327082,100.0,56,0,0,2025-02-23
1474,88.14688194729197,91.53064422808417,78,0,0,2025-01-28
1475,80.1510168691776,95.14963447075513,55,0,0,2025-01-16
1476,94.4828043384386,91.1687506290973,92,0,0,2025-01-01
1477,86.79051851392218,79.46596321558457,54,0,0,2025-01-29
1478,92.19532443907028,94.07877609895768,23,0,0,2025-02-13
1479,79.125078221979,68.26605917368886,66,0,0,2025-03-03
1480,83.62541699676589,97.64669862755059,99,0,0,2025-02-17
1481,95.22381357827771,70.66572472280758,37,0,0,2025-03-25
1482,84.27166847908234,88.42963944153679,86,0,0,2025-03-09
1483,100.0,74.85815249888608,72,0,0,2025-01-28
1484,84.00363814385398,91.64066779689313,11,0,0,2025-01-31
1485,90.24684725751887,84.59289728886509,80,0,0,2025-01-13
1486,97.3259083187309,65.86292850204,90,0,0,2025-02-14
1487,73.81634267066968,90.04839557222175,81,0,0,2025-01-29
1488,70.39191188019224,78.06495067800748,96,0,0,2025-03-15
1489,72.74343685429905,95.57376064976043,48,0,0,2025-03-15
1490,100.0,85.0159082648129,14,0,0,2025-03-24
1491,82.48141854107553,89.74505182465646,98,0,0,2025-03-20
1492,100.0,73.50917253981746,63,0,0,2025-01-22
1493,82.35752401342612,77.92801322287166,84,0,0,2025-03-10
1494,89.84551303197037,79.49633636678699,93,0,0,2025-01-18
1495,100.0,95.28042976291067,54,1,0,2025-01-10
1496,100.0,100.0,91,0,0,2025-03-06
1497,100.0,75.3379389790855,22,0,0,2025-02-26
1498,100.0,97.92217773589216,48,0,0,2025-02-22
1499,98.24062525811462,58.96387098729157,24,0,0,2025-02-04
1500,93.92526949201184,70.66972718689253,94,0,0,2025-02-20
1501,95.78361076166638,73.4946585257587,37,0,0,2025-01-09
1502,82.48814283671467,68.76989572671133,91,0,0,2025-03-28
1503,79.81801116577692,65.99693932254904,98,0,0,2025-02-24
1504,87.96625542589048,89.95598694565356,82,0,0,2025-02-03
1505,86.29815377475072,82.43118762726566,83,0,0,2025-03-24
1506,83.46771950672725,89.55286477126131,76,0,0,2025-02-27
1507,94.96387447456715,93.28567223345816,54,1,0,2025-01-16
1508,97.5530520857051,88.1874039180704,79,0,0,2025-03-26
1509,88.88406886291847,92.89315811380449,86,0,0,2025-03-08
1510,100.0,84.16561256509277,99,0,0,2025-02-27
1511,76.58310885866496,70.75607934033107,98,0,0,2025-01-22
1512,86.06340540720282,97.69377016984956,95,0,0,2025-03-23
1513,80.83177679397195,77.93065440662647,96,0,0,2025-03-07
1514,69.33463382926939,73.7728444148509,77,0,0,2025-01-25
1515,87.17319314157301,82.86498549034722,88,0,0,2025-03-22
1516,86.78252491616716,74.04626896844184,96,1,0,2025-02-28
1517,100.0,79.99083541612681,65,0,0,2025-02-08
1518,94.30811684554777,89.1286470587616,98,1,0,2025-03-18
1519,77.75813175670795,89.18010087095352,69,0,0,2025-01-10
1520,100.0,74.22603920289245,86,1,0,2025-01-04
1521,100.0,79.14753552461507,90,0,0,2025-02-11
1522,93.82097703468615,97.89199605724292,98,0,0,2025-02-18
1523,85.73515901150168,90.9568014128073,40,0,0,2025-02-19
1524,78.4056076327652,100.0,92,0,1,2025-03-14
1525,84.27793223928947,99.16153808489832,82,0,0,2025-01-15
1526,98.88748619704185,98.73151682271927,44,0,0,2025-02-22
1527,100.0,68.34557739453038,93,0,0,2025-01-31
1528,100.0,94.16632421960107,83,0,0,2025-03-04
1529,83.11150578213726,84.36271837963707,89,0,0,2025-03-10
1530,76.80382566710989,78.388218357541,53,0,0,2025-02-27
1531,89.40886246911204,87.01618408639034,80,0,0,2025-01-24
1532,70.31560634437149,96.3425384153378,86,0,0,2025-03-20
1533,91.23167714184781,91.00997909205054,67,0,0,2025-02-19
1534,86.52397413701331,74.45831438389529,33,1,1,2025-02-23
1535,83.33963498131757,93.90950696311144,98,0,0,2025-01-01
1536,72.05296932733205,77.34894949508843,81,0,0,2025-02-28
1537,93.13600106569717,87.60019742757143,91,0,0,2025-03-05
1538,82.6729916033809,81.35979919027439,68,0,1,2025-02-15
1539,76.30083164289712,82.3736049791725,59,0,0,2025-01-09
1540,59.2773778671835,94.19491570048612,67,0,0,2025-02-22
1541,87.72485094949364,72.51767536220922,68,0,0,2025-01-21
1542,100.0,100.0,83,0,0,2025-02-15
1543,100.0,63.14696716846605,83,0,0,2025-01-27
1544,83.42903743413729,77.82798780094171,80,0,0,2025-01-13
1545,81.97787939638219,89.44254267930089,22,0,0,2025-03-03
1546,92.68774256075024,92.01176999722372,80,0,0,2025-01-31
1547,78.01614560811709,83.79429135313954,28,0,0,2025-03-27
1548,91.01791899819466,84.31131156398149,21,0,0,2025-03-26
1549,95.6608027838469,89.9266010239314,97,0,0,2025-03-18
1550,100.0,82.22716627050784,86,0,0,2025-01-14
1551,86.99845923520047,100.0,88,0,0,2025-01-20
1552,85.96326249823034,95.07218937077923,66,0,0,2025-01-21
1553,79.2201741324344,95.47389221206761,97,0,0,2025-01-18
1554,79.73119645960139,73.40611931955499,87,0,0,2025-01-11
1555,85.73521108098473,84.04733890713156,92,0,0,2025-03-26
1556,91.67365506816178,81.39440861535155,61,0,0,2025-03-10
1557,97.13584626233249,72.93278349172641,98,0,0,2025-02-20
1558,79.96821049319655,89.32197020734921,94,0,0,2025-03-21
1559,100.0,78.54825090664221,95,0,0,2025-01-01
1560,85.2887639895743,92.86484595820285,28,0,0,2025-02-25
1561,87.78632705651565,72.15770124526802,45,0,0,2025-03-18
1562,80.52788320852177,100.0,47,0,0,2025-03-24
1563,63.75759739727059,74.24400809689526,45,0,0,2025-01-22
1564,96.8404539636105,87.63162804640524,95,0,0,2025-01-07
1565,95.36843897092433,94.5023117246568,5,0,0,2025-03-24
1566,85.18672442881787,78.15231483759865,12,1,0,2025-01-31
1567,88.66990717224871,95.22962372119541,45,0,0,2025-02-06
1568,93.159392177041,70.249796826395,33,0,0,2025-03-30
1569,72.37454143113457,100.0,38,0,0,2025-03-03
1570,82.70947322653706,85.1697911795891,93,0,0,2025-02-18
1571,95.94264679621827,77.84306310437344,84,0,0,2025-01-22
1572,75.45710576830751,81.40981873087078,0,0,0,2025-02-04
1573,90.9355793216663,94.70703123271264,71,0,0,2025-03-28
1574,74.43418195376594,77.98653649779475,67,0,0,2025-02-10
1575,92.66429982433526,76.00770772692667,18,0,0,2025-03-27
1576,87.64358517702516,82.34156082899514,89,0,0,2025-02-09
1577,71.8486818409449,70.87645464676038,90,0,0,2025-02-20
1578,99.64739354457171,100.0,91,0,0,2025-01-02
1579,80.65408423201951,78.20326490542332,91,0,0,2025-03-20
1580,79.89747562985619,94.97940143416484,0,0,0,2025-03-13
1581,90.00569197230944,87.51364100377327,98,0,0,2025-01-05
1582,99.48637349428715,73.18559139421639,94,0,0,2025-01-22
1583,77.84178181021603,84.92854348944725,96,0,1,2025-01-29
1584,88.61679849847971,94.40803335172897,2,0,0,2025-03-28
1585,92.28816500330574,82.74086397896433,97,1,0,2025-01-20
1586,94.93105607263143,99.31735535021234,94,0,0,2025-02-23
1587,89.76441555277225,97.25818471338236,94,0,0,2025-01-11
1588,84.32972160916678,96.02697825589995,15,0,0,2025-03-28
1589,79.7240977935128,79.48411873272404,91,0,0,2025-03-18
1590,88.86143883046375,72.04189062662215,98,0,0,2025-02-20
1591,77.27860988014393,77.63694873564647,89,0,0,2025-02-05
1592,58.78649516505393,87.35489128800064,84,0,0,2025-03-22
1593,92.36559804157667,91.54944056238827,98,0,0,2025-01-30
1594,97.03934841086195,58.94114314287463,73,0,0,2025-03-25
1595,64.37067564458161,84.902641580659,85,0,0,2025-02-24
1596,77.90269295290062,86.89707070387821,79,0,0,2025-03-14
1597,94.19154261005198,81.66946892421338,97,0,0,2025-02-20
1598,100.0,100.0,12,0,0,2025-02-01
1599,88.20793707675408,90.06136089101045,81,0,0,2025-03-03
1600,80.71997058770866,100.0,90,0,0,2025-03-22
1601,86.1710355889516,82.40847375579722,93,0,0,2025-02-14
1602,100.0,96.2497299100831,85,0,0,2025-03-12
1603,81.54035820875464,100.0,97,0,0,2025-02-28
1604,80.00807993349747,100.0,98,0,0,2025-01-26
1605,83.17256477817968,71.8943008788552,10,1,0,2025-02-07
1606,78.46671391741287,81.95588706949142,67,1,0,2025-02-06
1607,89.22670315994796,80.85802353460244,3,0,0,2025-02-05
1608,100.0,90.87105442091593,54,0,0,2025-02-19
1609,91.23079273116029,93.2362426601744,82,0,0,2025-03-01
1610,85.47646497873713,74.93328791169117,97,0,0,2025-01-14
1611,85.08188731084456,85.81406216700326,95,0,0,2025-01-07
1612,72.36809191303342,60.76087201412636,21,0,0,2025-02-10
1613,96.83109777147159,100.0,15,0,0,2025-02-16
1614,87.22162802987198,78.85150911187968,85,0,0,2025-03-20
1615,86.19520086409375,85.67036727813397,82,0,1,2025-02-08
1616,100.0,81.28420343214327,44,0,0,2025-03-10
1617,90.98752908365687,98.75233090016098,96,0,0,2025-03-21
1618,80.48208949904816,50.94992270323145,97,0,0,2025-03-25
1619,83.73642403794457,84.80067589208909,67,0,0,2025-01-23
1620,99.48445709196756,83.73017491002763,96,0,0,2025-03-16
1621,89.13270410537764,79.55636334889981,63,0,0,2025-02-08
1622,73.61722021682633,100.0,91,0,0,2025-03-17
1623,97.19228934575203,74.35204649373074,79,0,0,2025-03-19
1624,81.31855914461006,94.26155412682793,20,1,0,2025-01-18
1625,100.0,89.275033464473,97,0,0,2025-03-10
1626,98.80048065714648,100.0,75,0,0,2025-03-06
1627,83.52678104341248,76.99373098266993,91,0,0,2025-03-25
1628,100.0,76.20437321051489,61,1,0,2025-02-08
1629,88.67855510527403,98.15283888972878,3,0,0,2025-01-20
1630,96.52773675122219,90.10385569996133,16,0,0,2025-03-17
1631,92.84732817294474,66.4607518398789,80,0,0,2025-01-17
1632,79.53643345009127,78.52833982644076,90,1,0,2025-02-11
1633,81.56450167682539,89.63659184617673,55,0,1,2025-03-16
1634,98.29960817581161,95.05317065855907,90,0,0,2025-01-10
1635,84.65224667893459,76.84923216168454,90,0,0,2025-03-21
1636,83.96351536758003,50.0289281221967,90,1,0,2025-03-15
1637,78.44877420650647,91.2786782288444,80,0,0,2025-02-13
1638,92.23599065593461,70.35615172067229,97,0,0,2025-01-05
1639,100.0,60.791934422531064,80,0,0,2025-01-28
1640,77.32467085745728,51.01208890019031,75,0,0,2025-03-17
1641,88.24219456672758,94.7677703223729,33,0,0,2025-03-25
1642,100.0,86.5434094048596,51,1,0,2025-02-03
1643,87.20358608754285,82.29212343145298,7,0,0,2025-03-09
1644,92.52371796249734,100.0,87,0,0,2025-01-18
1645,77.37606471853121,92.64789619627688,41,0,0,2025-01-06
1646,92.28307097207649,100.0,50,0,0,2025-03-28
1647,86.12855734995452,68.28717433399603,92,0,0,2025-01-26
1648,97.85729995679863,84.58539251255243,54,0,0,2025-01-18
1649,99.87386051564751,65.59943950062383,40,0,0,2025-03-31
1650,100.0,82.24741201773439,28,0,0,2025-03-30
1651,93.79633173213576,82.01660975479987,92,0,0,2025-01-07
1652,91.25796316582166,92.51936364715685,21,0,0,2025-03-31
1653,89.94384301577335,85.54676657370278,75,1,0,2025-01-07
1654,84.46833707189312,92.48088565935899,81,0,0,2025-03-06
1655,91.38483843461691,93.44128159766673,90,0,0,2025-03-24
1656,85.0459858986097,100.0,87,0,0,2025-03-22
1657,89.68460976269614,81.2164401365665,94,0,0,2025-01-29
1658,100.0,73.70772759200345,7,0,0,2025-01-12
1659,77.9345743472036,87.95300338379691,49,0,0,2025-01-16
1660,99.39878561129045,75.37263967432548,46,0,0,2025-01-07
1661,100.0,100.0,24,0,0,2025-03-03
1662,86.81931473008922,81.60138353265721,48,0,0,2025-01-27
1663,66.78145100991405,78.21308358551212,51,1,0,2025-01-26
1664,81.92178012905568,79.34421134618658,82,0,0,2025-01-14
1665,100.0,93.6210090816597,89,1,0,2025-03-13
1666,87.77131937701118,83.10703620122217,63,0,0,2025-01-14
1667,78.0069776770509,77.29999815843541,91,0,0,2025-02-10
1668,82.95225078771783,100.0,56,0,0,2025-03-26
1669,96.40620026504553,74.725961912059,48,0,0,2025-02-19
1670,93.4673356820138,85.42679288839592,83,0,0,2025-01-20
1671,85.61067900830305,92.82767381932277,3,0,0,2025-03-11
1672,84.33175588185313,65.42397867499511,13,0,0,2025-02-13
1673,84.08241850956178,90.7631260168711,69,0,0,2025-03-05
1674,78.77589815501497,72.3387078942346,98,1,0,2025-01-04
1675,100.0,94.87339337000803,91,0,0,2025-01-11
1676,84.7767953078866,73.44818785697228,14,0,0,2025-03-19
1677,100.0,93.31322838218632,95,0,0,2025-01-24
1678,100.0,98.26999679553656,91,0,0,2025-03-14
1679,97.9831089814796,95.33723830759365,86,0,0,2025-02-21
1680,83.68379687281951,88.01579977885723,94,0,0,2025-02-17
1681,92.03730090336609,82.2243886848436,67,0,0,2025-02-09
1682,87.75804393609084,78.08296508398188,36,0,1,2025-03-23
1683,78.96298139269872,100.0,81,0,0,2025-03-23
1684,91.24359281721603,76.60605735798828,83,0,0,2025-02-23
1685,76.20960208840198,72.55520711716005,82,1,0,2025-01-24
1686,99.87679388461564,92.98442722039395,84,0,0,2025-01-09
1687,83.35382702701607,75.44635836176205,98,0,0,2025-03-26
1688,90.0115965587284,73.59923803040647,96,0,0,2025-02-08
1689,90.83287871546142,67.67674885396282,96,0,0,2025-03-25
1690,85.41095026295923,79.20508192647378,93,0,0,2025-02-21
1691,93.86693801475275,84.00741971324209,98,0,0,2025-01-17
1692,83.25096343377476,87.91710073192839,16,0,0,2025-01-15
1693,96.71297297457244,96.4156749315938,44,1,1,2025-03-24
1694,74.54020319753252,91.32277508398953,80,0,0,2025-02-27
1695,89.26379579546412,82.70953336536184,95,0,0,2025-02-12
1696,100.0,82.62165188344336,81,0,0,2025-03-26
1697,77.99668675394426,91.1218896269822,92,0,0,2025-01-22
1698,81.22255029475149,100.0,23,0,0,2025-02-04
1699,93.13907849658915,86.5157703937984,42,0,0,2025-01-17
1700,89.79581781939598,79.3704297494751,91,1,0,2025-01-20
1701,91.50630099273559,73.08560798697346,27,0,0,2025-03-12
1702,92.89187130147664,67.65753682705329,58,0,0,2025-02-12
1703,94.3472146856177,92.99523606452227,44,0,1,2025-02-14
1704,99.09699841956223,91.93574228367468,58,0,0,2025-01-11
1705,92.09818656928513,91.92836230127993,90,0,0,2025-02-09
1706,85.58742345381458,83.45608664377534,61,0,0,2025-01-05
1707,94.72573701202731,100.0,83,0,0,2025-01-15
1708,100.0,79.19057806498219,16,0,0,2025-01-24
1709,86.67366253617426,96.46323084648647,93,0,0,2025-02-23
1710,78.25470695329358,84.53508526012548,61,0,0,2025-03-12
1711,99.07080669286972,77.69979082384795,88,0,0,2025-01-05
1712,86.79618836046401,92.11036368781313,91,1,0,2025-01-13
1713,66.27330453985964,89.91563342420793,34,0,0,2025-01-13
1714,96.47421677150422,89.28367311120311,96,1,0,2025-01-04
1715,82.64671814046078,85.97534106467438,86,0,0,2025-03-15
1716,87.0946671769584,84.54528301939803,71,0,0,2025-01-03
1717,91.31980330569014,100.0,30,0,0,2025-01-25
1718,89.90499679779066,99.21107974235407,98,0,0,2025-01-03
1719,95.09451817139039,93.67392273982614,92,0,0,2025-03-05
1720,83.64513629430157,86.34158989844066,34,0,0,2025-01-17
1721,93.13105798176083,97.08588640716003,56,0,1,2025-01-17
1722,85.40453322416083,91.21593731669742,94,0,0,2025-02-08
1723,95.38810480887503,85.31445703328843,90,0,0,2025-02-01
1724,94.15367484013053,81.35722809680902,92,1,0,2025-03-02
1725,78.64561297955404,84.02899194804775,73,0,0,2025-03-16
1726,98.85982116175032,46.95489116946333,91,1,0,2025-01-09
1727,82.64036554885952,87.5272100715717,64,0,0,2025-03-04
1728,96.08057798281145,79.13828703867568,35,0,0,2025-03-13
1729,91.6728731340134,100.0,87,0,0,2025-03-11
1730,100.0,85.23212884974104,99,0,0,2025-01-28
1731,85.76534017628148,70.73243896558046,51,0,0,2025-01-09
1732,84.50683203881802,84.40143815046258,76,0,0,2025-02-15
1733,87.80580394112268,72.44654697924994,89,0,0,2025-03-20
1734,84.96820217165724,90.6808889885496,83,0,0,2025-02-09
1735,95.9994190194205,88.49136837207382,95,0,0,2025-01-16
1736,71.83689391563412,96.49407557329921,92,0,0,2025-03-15
1737,77.46317580853646,75.50941849966522,9,0,0,2025-01-18
1738,77.32197078420808,85.40809715473776,99,0,0,2025-03-21
1739,97.50307591973575,68.61973845488038,92,0,0,2025-02-27
1740,100.0,93.41793738309657,95,0,0,2025-01-27
1741,86.95550781462528,91.22645416528147,88,0,0,2025-01-27
1742,86.31178276809989,90.94966025233084,95,0,0,2025-03-17
1743,88.70052163113182,85.01942837628329,18,0,0,2025-01-18
1744,99.6187830260819,89.97727468946549,57,0,0,2025-03-25
1745,78.72646865809426,100.0,96,0,0,2025-01-10
1746,90.38368982734785,81.57886891549583,33,0,0,2025-01-31
1747,97.7519762978243,86.66374220452101,13,0,0,2025-02-28
1748,93.01094169939846,71.96648440982308,93,0,0,2025-02-12
1749,89.89581616598744,74.58086846082001,94,0,0,2025-02-17
1750,98.01046092567141,86.17375951711969,27,0,0,2025-03-27
1751,60.967677070007625,98.24720256042289,95,0,0,2025-01-14
1752,94.77875319530908,81.92463010898113,90,0,0,2025-02-27
1753,81.45924316872576,82.16900164825451,82,0,0,2025-03-20
1754,69.69367103143543,80.11737706594751,94,0,0,2025-03-18
1755,93.11202599524981,78.58291994986813,69,0,0,2025-01-12
1756,100.0,88.53965746850587,32,0,0,2025-01-20
1757,86.62551485372308,67.03290825785626,47,0,0,2025-03-23
1758,97.52874547202939,100.0,81,0,0,2025-02-11
1759,100.0,77.01493242244648,82,0,0,2025-01-07
1760,100.0,93.6628418252577,93,0,0,2025-03-22
1761,100.0,69.76001683127349,93,0,0,2025-01-06
1762,95.42127491071892,93.02608156655462,85,0,0,2025-03-20
1763,88.75433638901593,93.06333529377397,93,0,0,2025-01-01
1764,71.98034188102832,89.61042486407075,31,0,0,2025-02-24
1765,85.53937511870052,73.06685773840249,8,0,0,2025-03-13
1766,79.56753404683808,87.99457827517692,96,0,0,2025-01-08
1767,100.0,70.80332578318733,12,0,0,2025-01-16
1768,86.24114187567663,81.96684093884578,41,0,0,2025-03-20
1769,89.23204806784486,97.35295721146392,90,0,0,2025-02-22
1770,93.51485376040468,94.56042312484891,68,0,0,2025-01-04
1771,88.43602446372454,85.1821953104852,96,0,0,2025-03-23
1772,100.0,73.3023210889259,49,0,0,2025-01-12
1773,81.77350638265548,92.74705254609032,1,0,0,2025-03-23
1774,89.94607455237242,85.2325748523763,50,0,0,2025-01-20
1775,80.57529414301952,57.15621282123492,84,0,0,2025-03-03
1776,74.79977488779295,94.39155791579822,62,0,0,2025-01-09
1777,81.88230909094715,84.7092059935637,82,0,0,2025-02-23
1778,87.62963202951588,99.42941497579687,96,0,0,2025-03-06
1779,83.7069777548274,71.85675377388634,97,0,0,2025-02-10
1780,81.07579020126144,46.879554241647995,44,0,0,2025-03-20
1781,73.93682536328166,88.34900630014222,77,1,0,2025-01-25
1782,87.16894427371305,88.49876412018368,83,0,0,2025-02-17
1783,72.95279625968998,64.71194046872257,98,0,0,2025-02-03
1784,95.60055963689602,73.25800544960072,99,1,0,2025-03-03
1785,88.82439752934503,100.0,39,0,0,2025-03-22
1786,73.42448500535069,81.33267263015436,91,0,0,2025-02-07
1787,84.90790922950137,93.77150771651459,63,0,0,2025-01-02
1788,80.47843594409417,77.19208207157939,1,0,0,2025-02-04
1789,91.19174510419181,59.91636521376212,1,0,0,2025-02-23
1790,100.0,82.95690103844913,76,0,0,2025-01-13
1791,69.24827530354256,81.81274527656674,80,0,0,2025-03-08
1792,89.15026079147417,80.20146113597954,3,0,0,2025-01-26
1793,86.3986720443336,83.62430997392329,90,0,0,2025-01-05
1794,94.71340076450466,88.17121925974764,49,0,0,2025-01-17
1795,90.1319662823769,83.19859658495432,83,0,0,2025-02-24
1796,80.48030668261181,69.83192598463164,50,0,0,2025-03-15
1797,84.80946064333382,90.83421749874327,27,1,0,2025-01-26
1798,80.03974143196511,61.60753893613092,67,0,0,2025-01-14
1799,98.76007138598598,60.395710512589595,38,0,0,2025-03-12
1800,88.21311648671943,93.87016593641881,82,0,0,2025-02-25
1801,100.0,91.08424326562428,33,1,0,2025-02-18
1802,87.39339186185379,84.31125561911156,81,1,0,2025-01-03
1803,80.91593233089537,68.25461794293913,26,0,0,2025-02-24
1804,72.86285607387173,76.5050687119111,89,0,0,2025-01-31
1805,69.96860323744055,81.84703902776195,92,0,0,2025-01-31
1806,72.1586405699451,65.84927237711064,18,1,0,2025-01-10
1807,90.67126651011483,76.13165610372121,77,0,0,2025-02-10
1808,93.08725023229934,92.82796405812016,11,0,0,2025-01-21
1809,72.18809297967867,100.0,85,0,0,2025-02-25
1810,96.95038314076115,79.96678296809739,44,0,0,2025-01-26
1811,83.1693894831656,94.07786025179318,82,0,0,2025-03-16
1812,89.4679301198555,62.03127915295039,81,0,0,2025-03-21
1813,100.0,92.91341489336334,97,1,0,2025-01-03
1814,96.96839315865532,75.35261902327022,83,0,0,2025-02-02
1815,85.31469352094167,88.68814740049564,85,0,0,2025-01-10
1816,79.08807774584713,82.02697098112348,66,0,0,2025-03-03
1817,66.48184598670696,100.0,98,0,0,2025-02-14
1818,80.8084668075758,74.50677221992098,93,0,0,2025-03-05
1819,85.88869761172306,92.53127557074197,47,0,0,2025-01-28
1820,78.12820472848816,81.6459104404416,95,0,0,2025-03-17
1821,86.68743032907695,83.10033426388404,72,0,0,2025-03-30
1822,88.76851882958768,82.79375328208948,94,0,0,2025-01-23
1823,85.75144018191921,74.85192274607064,94,1,0,2025-01-10
1824,81.4999741917654,84.83081240911994,31,0,1,2025-03-26
1825,89.68654671966728,84.24822133453814,90,0,0,2025-02-15
1826,92.41940649569409,87.89488298088075,48,0,0,2025-02-27
1827,77.09600922557154,86.01406174831435,49,0,0,2025-02-23
1828,100.0,94.57593459534684,49,1,0,2025-02-23
1829,87.01411867715738,96.08210339256843,91,0,0,2025-02-08
1830,88.18849622944848,72.39252013806639,38,0,0,2025-03-30
1831,95.08214423256557,95.42527000708925,0,0,0,2025-03-26
1832,90.33216131263502,70.76396287468175,91,0,0,2025-02-06
1833,97.53136633913245,92.05427065765282,28,0,0,2025-03-25
1834,90.87124165201824,92.43686541643443,17,0,0,2025-02-21
1835,81.87562625359563,62.064197300049955,39,0,0,2025-02-21
1836,91.61503525206102,86.11575095835292,63,0,0,2025-02-19
1837,76.56273792679337,79.37804663967621,79,0,0,2025-02-28
1838,89.08559705776523,75.8948169047755,7,0,0,2025-02-18
1839,87.6677000935554,100.0,99,0,0,2025-03-28
1840,85.9188314272746,77.15585031235098,91,1,0,2025-02-23
1841,86.71462488561069,75.3234768505834,53,0,0,2025-01-19
1842,69.1815095450236,85.90833928006113,53,0,0,2025-01-15
1843,82.51275092259039,93.227076955581,74,0,0,2025-01-23
1844,88.92844901141115,83.30021696787848,87,0,0,2025-02-13
1845,89.598563919974,98.99644654803103,24,0,1,2025-03-25
1846,77.72324859074041,91.37170794356909,31,0,0,2025-03-25
1847,100.0,58.861464163222834,95,0,0,2025-03-21
1848,79.33825151785499,78.6463964379159,42,0,0,2025-02-25
1849,97.69457200526736,78.2578948077796,63,0,0,2025-02-06
1850,92.27194361871685,90.75233144115307,95,0,0,2025-03-12
1851,81.53772690156197,53.50219532351066,89,0,0,2025-03-30
1852,100.0,100.0,56,0,0,2025-02-09
1853,76.0636316824352,91.37231313873052,90,0,0,2025-03-30
1854,97.19154173610002,86.7865216470123,3,0,0,2025-03-18
1855,98.00582318042979,99.17881259702975,91,1,0,2025-02-07
1856,81.29379790923355,100.0,80,0,0,2025-01-24
1857,100.0,95.44895973506084,94,0,0,2025-01-30
1858,85.49953485401048,96.38575715765944,98,0,0,2025-03-28
1859,90.88693629279857,86.56828029357258,97,0,0,2025-01-27
1860,90.6032183877122,83.30169095959663,97,0,0,2025-03-28
1861,86.65691258529452,79.29045467194119,81,0,0,2025-02-20
1862,96.10808273159782,75.0866560994255,60,0,0,2025-03-25
1863,95.93488720552213,76.75583080360603,77,0,0,2025-01-13
1864,70.51468026761819,68.7933284278842,90,0,0,2025-03-15
1865,100.0,84.08954259177972,96,0,0,2025-02-09
1866,71.37508011964326,64.78398907328335,34,0,0,2025-03-17
1867,98.32546204341658,87.29099828972453,97,0,0,2025-03-23
1868,99.26705136827583,84.5640327034919,94,0,0,2025-01-13
1869,77.09033569784802,86.76322358064026,99,0,0,2025-02-28
1870,83.89185712045415,78.73442115976009,96,0,0,2025-01-18
1871,76.94295331514064,100.0,46,0,0,2025-02-17
1872,85.85078969711265,100.0,17,0,0,2025-02-01
1873,84.91965715814258,70.06548999898332,18,0,0,2025-03-18
1874,95.7966053226934,87.79441704912279,48,0,0,2025-03-29
1875,100.0,77.70392628475211,86,0,0,2025-03-27
1876,100.0,72.82624327951103,93,0,0,2025-03-17
1877,82.37831973421697,68.91913514651279,96,0,0,2025-02-11
1878,85.90778126255472,90.18660028911104,87,0,0,2025-03-22
1879,71.1656180777905,76.82343717916511,0,0,0,2025-01-23
1880,79.94129933503811,96.61391228830244,31,0,0,2025-03-25
1881,97.64851633097457,96.92538657436526,16,0,0,2025-01-29
1882,100.0,100.0,60,0,0,2025-03-27
1883,75.65651128120078,74.77135880711076,81,0,0,2025-02-21
1884,82.07535740847106,90.70438732830412,7,0,0,2025-02-02
1885,87.73594243041073,92.5894505997076,58,0,0,2025-01-15
1886,90.80161158819607,79.30986189875242,29,0,0,2025-03-25
1887,79.90396480078354,75.7387365112855,88,0,0,2025-03-10
1888,92.2406104446409,100.0,77,1,0,2025-03-23
1889,83.26160652929084,87.72995050878464,80,0,0,2025-01-19
1890,87.85547729121721,92.63161300854085,71,0,0,2025-02-06
1891,93.462842480037,75.13508785806488,98,0,0,2025-03-19
1892,88.06422269810938,70.36858640173368,35,0,0,2025-03-25
1893,83.63614109473431,78.16660270609468,81,0,0,2025-02-02
1894,86.90390196074169,83.51174335132004,91,0,0,2025-01-04
1895,87.11637040794665,72.22935991819182,83,0,0,2025-01-13
1896,84.29988970117873,84.88186229619541,97,0,0,2025-03-23
1897,85.41203937332898,64.73793774317801,62,0,0,2025-03-22
1898,100.0,71.55943093036153,77,1,0,2025-01-19
1899,93.6091944794124,93.0509349793225,14,0,0,2025-02-22
1900,85.0451968197084,92.24548624333472,86,1,0,2025-02-23
1901,94.96954404510736,80.29747881535761,48,0,0,2025-02-17
1902,84.6618051024399,72.78682829107656,26,0,0,2025-02-20
1903,99.73124637586642,72.67115738168786,83,0,0,2025-01-25
1904,91.69642192198094,80.52078104870424,82,1,0,2025-02-26
1905,86.92697855995772,92.7342218997435,12,0,0,2025-02-24
1906,92.47716925810278,96.1389482961319,90,0,0,2025-02-20
1907,72.29123847931501,79.04161917421638,87,0,0,2025-03-20
1908,76.73232531090194,71.1580908881826,31,0,0,2025-03-09
1909,76.06074993600944,88.214123654396,78,0,0,2025-03-06
1910,89.42943094763707,75.11758035248981,91,1,0,2025-02-07
1911,100.0,78.78096833366557,82,0,0,2025-01-13
1912,100.0,100.0,65,0,0,2025-01-01
1913,94.38051101440757,94.92538514278922,53,0,0,2025-03-18
1914,93.00844474944456,86.89569174701742,86,0,1,2025-02-11
1915,69.9894226584726,69.73697198664732,98,0,0,2025-02-15
1916,82.57326200265979,87.5367588096479,89,0,0,2025-02-22
1917,80.12216248091761,97.75188748945033,12,0,0,2025-03-07
1918,81.79152401748884,80.49239601081358,76,0,0,2025-02-03
1919,86.3185618141521,100.0,96,0,0,2025-03-09
1920,83.27909422302872,100.0,15,0,0,2025-01-07
1921,68.20700189624212,100.0,99,0,0,2025-03-03
1922,95.47910256117534,88.66291751837623,98,0,0,2025-02-17
1923,77.27256974260193,92.04870039767215,13,0,0,2025-02-26
1924,90.39246864111149,100.0,97,0,0,2025-01-06
1925,100.0,90.36872724482771,60,0,0,2025-01-12
1926,78.80615408413577,78.98519070651744,95,0,0,2025-03-28
1927,62.697124772536704,79.61748596166566,69,0,0,2025-03-30
1928,85.13995778119889,87.86265944528488,73,0,0,2025-03-10
1929,99.00959634998571,69.51326293664538,87,0,0,2025-02-28
1930,100.0,83.28089301562969,92,0,0,2025-03-25
1931,75.70450405547584,98.15856541876305,5,0,0,2025-01-29
1932,92.96699223236521,58.70495378601663,85,0,0,2025-02-19
1933,83.34689543219946,100.0,31,0,0,2025-01-31
1934,86.94051645695865,98.46849062443792,57,0,0,2025-02-18
1935,100.0,79.48282461003429,57,1,0,2025-03-06
1936,72.97029671604847,91.52068993446171,78,0,0,2025-02-15
1937,90.53739661494573,85.03777272287591,55,0,0,2025-03-19
1938,92.67693171765433,99.75988442126419,17,0,0,2025-01-27
1939,98.85786324939347,96.79219771323929,24,0,0,2025-02-08
1940,88.97983153470895,68.1991513218039,5,0,0,2025-01-20
1941,91.08050539504103,92.04714896157012,78,0,0,2025-03-16
1942,84.08351432578209,82.53246575628103,98,0,0,2025-01-18
1943,90.69126941245108,85.9939908462172,19,0,0,2025-02-10
1944,84.56807724502589,76.26193718836221,98,0,0,2025-01-03
1945,94.21571889856051,100.0,91,0,0,2025-03-17
1946,84.30389663956366,97.48074183883091,87,0,0,2025-03-12
1947,91.77100393902187,76.12274603232439,88,0,0,2025-03-10
1948,87.70737186315021,68.98467271707722,94,0,0,2025-03-05
1949,99.26050250772168,80.37192842826582,17,0,0,2025-01-30
1950,87.48606276411513,90.21403175309567,81,0,0,2025-01-13
1951,70.26967531793119,87.88247012735468,90,0,0,2025-03-26
1952,100.0,100.0,85,0,0,2025-03-11
1953,78.94267699137382,94.47903666617023,94,0,0,2025-02-22
1954,81.46233661351181,96.63482830903489,12,0,0,2025-02-22
1955,82.04338705956508,88.92226480732525,90,0,0,2025-03-17
1956,100.0,68.32841523746812,82,0,0,2025-03-10
1957,66.64325786021304,82.65161762623718,63,0,0,2025-01-19
1958,100.0,97.72107687890399,56,0,0,2025-02-09
1959,98.56056809066052,84.38172485770424,87,0,0,2025-02-18
1960,90.23238914129159,91.03708442348496,96,0,0,2025-03-27
1961,87.45105999383713,81.17502021704641,80,0,0,2025-03-28
1962,90.85554074857657,72.64225781749786,94,0,0,2025-03-15
1963,93.21122428379338,83.51987123144667,67,1,0,2025-01-10
1964,94.45215585950056,88.70856931639184,17,0,0,2025-03-11
1965,93.55604466003449,77.13174736646268,10,0,0,2025-03-15
1966,88.8958068125525,82.17146506171997,8,0,0,2025-02-01
1967,86.02661579692673,73.7264410961682,63,0,0,2025-02-20
1968,86.48726716346488,98.43093901076915,56,0,0,2025-03-12
1969,86.0509171964732,81.4665309089436,91,0,0,2025-02-21
1970,99.33770096867065,100.0,91,0,0,2025-01-31
1971,93.93556722280861,100.0,8,0,0,2025-01-05
1972,58.59611365335719,84.02744842333908,36,0,0,2025-03-08
1973,94.55900776529761,72.8986152094318,45,0,0,2025-03-18
1974,89.94736194718774,59.969225467199955,83,0,0,2025-02-26
1975,87.81291243554102,67.3355551236785,24,0,0,2025-02-13
1976,84.11481546911114,68.51398210121607,22,0,0,2025-02-08
1977,99.24112719986013,100.0,98,0,0,2025-01-29
1978,97.47526462122858,86.38989504672335,93,0,0,2025-02-21
1979,80.27122332176391,89.67525428910385,30,0,0,2025-02-15
1980,92.07052287124534,58.35494789277849,67,0,0,2025-02-01
1981,78.28343265458714,70.62440284939287,59,1,0,2025-01-20
1982,74.20381835211069,95.64495731735545,93,0,0,2025-01-26
1983,81.73282775410036,88.44128934859103,81,0,0,2025-02-15
1984,96.62393472382759,83.23353665577284,21,0,0,2025-01-22
1985,97.53125045376086,91.77810830320146,91,0,0,2025-03-06
1986,93.13085420097293,100.0,66,0,0,2025-02-28
1987,95.25095786847997,82.3474904375554,43,0,0,2025-01-30
1988,93.16178287114958,85.83243763189684,62,0,0,2025-02-28
1989,81.58518404777048,87.31116302477567,80,0,0,2025-03-27
1990,92.31922544673941,100.0,57,0,0,2025-01-26
1991,96.00409525227683,59.80772482697169,40,0,0,2025-02-10
1992,95.54291329813574,93.1986761774657,66,0,0,2025-02-28
1993,99.88913371474644,83.62237301489124,3,0,0,2025-03-06
1994,95.08303847201064,91.80126071421016,92,0,0,2025-03-05
1995,91.51448207541583,77.11152935206331,28,0,0,2025-02-01
1996,98.70150238316427,84.41241962969859,7,0,0,2025-02-23
1997,87.7347874075094,93.53692695358595,88,0,0,2025-03-03
1998,79.18125348772283,100.0,92,0,0,2025-03-29
1999,86.36933036056236,94.69643427282486,94,0,0,2025-03-18
2000,80.55097355193551,74.8232128236339,80,0,0,2025-01-22
2001,81.24821725025619,79.91488381572756,34,0,0,2025-01-29
2002,86.55481329284483,79.55903069939376,91,0,0,2025-02-07
2003,80.07580079000039,63.45228192843982,90,0,0,2025-02-22
2004,84.9203847036096,81.03891769958275,41,0,0,2025-01-06
2005,69.06385333046214,93.79394898186094,96,0,0,2025-02-16
2006,90.13293707372938,69.70921457107846,17,0,0,2025-03-25
2007,88.01205475362224,97.58179181260711,99,0,0,2025-03-18
2008,79.82911368931809,90.85329785301205,95,0,0,2025-01-06
2009,94.59245668432405,76.18920013634755,90,0,0,2025-01-25
2010,97.37570137626558,83.30164435194582,98,0,0,2025-01-26
2011,71.92440135631026,100.0,91,0,1,2025-03-13
2012,80.37275221433785,93.8025737620704,31,0,0,2025-02-03
2013,80.30857650212701,85.10540385877778,73,0,0,2025-03-20
2014,78.60096898891135,82.14780019646818,11,0,0,2025-02-11
2015,96.29474841931749,85.91930884541992,64,1,0,2025-03-06
2016,86.06173861227197,78.85883730469236,91,0,0,2025-02-23
2017,85.35485158689389,59.743005931371826,64,0,0,2025-01-20
2018,67.96137635593246,100.0,55,0,0,2025-03-13
2019,94.35418030209226,86.86389999039282,85,0,0,2025-01-11
2020,75.60741605146528,89.77776718147045,96,0,0,2025-01-02
2021,88.59932630266329,84.3051070014771,7,0,0,2025-03-22
2022,90.77376937958192,76.17859839130494,64,0,0,2025-01-31
2023,100.0,82.76890622861475,26,0,0,2025-03-02
2024,74.91179600880888,65.80726285366826,90,0,0,2025-01-06
2025,57.80487844179174,100.0,17,0,1,2025-02-18
2026,89.83849544753694,70.18585601893125,89,0,0,2025-01-01
2027,100.0,72.61640459383385,47,0,0,2025-01-04
2028,100.0,79.7168895473632,33,0,0,2025-02-08
2029,90.09659415274626,100.0,98,0,0,2025-01-30
2030,83.08363814367952,85.17410799115184,3,0,0,2025-03-03
2031,96.0712259663731,70.16637044763445,72,0,0,2025-02-05
2032,78.26453800295532,100.0,3,0,0,2025-03-04
2033,92.7635776935622,93.77200752142578,80,0,0,2025-03-04
2034,93.05470159166627,91.46121948659743,81,0,0,2025-02-02
2035,98.6020990749888,93.58881089405008,53,0,0,2025-01-16
2036,100.0,100.0,22,1,0,2025-01-13
2037,91.92415967178766,100.0,62,0,0,2025-02-24
2038,82.91036374292501,76.75941588396046,89,0,0,2025-01-03
2039,87.74425687808005,100.0,93,0,0,2025-02-21
2040,70.30924095110882,89.5980182771068,82,0,0,2025-03-27
2041,81.05286868910942,90.989149793653,85,0,0,2025-01-20
2042,83.90717561886896,64.69275002028006,33,0,0,2025-03-23
2043,82.75911602065408,82.95537081534165,47,0,0,2025-02-20
2044,89.52354872033722,75.24611691596122,26,0,0,2025-02-28
2045,79.775800676178,94.93670577871971,41,0,0,2025-02-03
2046,99.21030667324472,97.85296600483366,37,0,0,2025-02-22
2047,88.00207064918197,60.10616378780426,81,0,0,2025-01-01
2048,87.90699678861385,84.73558163194876,84,0,0,2025-03-18
2049,84.72105283487082,98.46233805753103,98,0,0,2025-03-20
2050,89.55190683858979,82.75985245223866,32,0,1,2025-01-31
2051,96.25098264667635,93.74876374002838,88,0,0,2025-03-29
2052,79.32869784289099,89.213985611525,94,0,0,2025-02-20
2053,81.41883510924744,89.09992278343151,84,0,0,2025-02-06
2054,84.96273971223336,81.74422026318044,42,0,0,2025-01-08
2055,74.54129076526785,70.40103035037149,43,0,0,2025-03-31
2056,79.80742140278502,71.54163823089968,6,0,0,2025-02-27
2057,83.23779126455341,93.5122301734638,50,0,0,2025-03-24
2058,96.74389180712727,85.2334990662266,92,0,0,2025-03-22
2059,90.62561329001925,83.3378530647133,7,0,0,2025-03-30
2060,89.93589911367545,79.91331949213176,36,0,0,2025-03-13
2061,96.50897962167971,81.33773385423098,90,0,0,2025-03-26
2062,86.62628211600604,97.56294153385767,93,0,0,2025-02-07
2063,91.9046484992889,80.97707101758368,75,0,0,2025-03-17
2064,86.96778247067503,68.90722344038117,90,0,0,2025-01-25
2065,90.65362349399628,93.92382130648208,64,0,0,2025-02-07
2066,82.17241342388418,82.54148003362339,26,0,0,2025-03-17
2067,63.611828417235714,85.37675038639331,66,0,0,2025-01-12
2068,86.65720837813696,100.0,84,0,0,2025-03-13
2069,100.0,84.75327331179392,98,0,0,2025-03-23
2070,97.26215402241593,88.47020407742471,11,0,0,2025-01-16
2071,97.6539748459117,70.8529181044201,81,0,0,2025-02-01
2072,100.0,82.36396657178848,54,0,0,2025-01-04
2073,88.88657590961438,92.31431254250322,81,0,0,2025-01-05
2074,89.97315707405596,66.3355151939051,3,0,0,2025-02-26
2075,81.8234810456565,87.41014111738852,52,0,0,2025-01-15
2076,84.8392714397295,86.20949287173768,94,0,0,2025-03-10
2077,94.15771149771142,85.49544946704927,83,0,0,2025-03-12
2078,100.0,97.44590678389892,75,1,0,2025-02-25
2079,86.60553724319,89.01326217818226,47,0,0,2025-01-02
2080,83.49810735148588,100.0,49,0,0,2025-03-05
2081,88.00527958856597,73.07692581287156,63,0,0,2025-01-28
2082,94.01206748929116,86.63109480662017,94,0,0,2025-02-04
2083,73.56145183866458,86.01360143667937,98,0,0,2025-02-01
2084,65.03819046862762,72.16894607493904,73,0,0,2025-03-29
2085,82.49463150508416,96.47554002509615,65,0,0,2025-01-15
2086,75.79287574085842,100.0,95,0,0,2025-03-09
2087,82.9185980235269,84.79592710619403,71,0,0,2025-02-07
2088,86.52219681182528,91.0602530592852,83,0,0,2025-03-28
2089,83.46751590976987,86.01422170978393,38,0,0,2025-01-21
2090,100.0,76.4369839611139,91,0,0,2025-02-22
2091,91.2674476460232,63.15087666637581,82,1,0,2025-01-13
2092,91.00474359610828,76.53071820285562,94,0,0,2025-01-10
2093,94.22207144043402,68.29649942857922,93,0,0,2025-01-11
2094,76.61166882219231,100.0,35,0,0,2025-01-17
2095,98.39111787420269,83.61868367292114,91,0,0,2025-03-31
2096,87.2423571346454,80.84896805143396,93,0,0,2025-02-02
2097,94.70480617241212,95.66984589745367,57,0,0,2025-03-28
2098,77.28142766959844,71.53898676572935,28,0,0,2025-03-11
2099,72.46241233983936,75.79763154394537,0,0,0,2025-03-12
2100,96.17889658025028,85.81686723098345,75,0,0,2025-03-13
2101,91.76409526097517,97.34522789708177,58,0,0,2025-01-14
2102,78.9794844564249,91.02022054202546,83,0,0,2025-02-10
2103,79.30336918725305,87.97990171019059,31,0,0,2025-03-25
2104,99.2543478441477,85.9374128228322,95,0,0,2025-02-28
2105,76.10588107132672,89.80283026632131,42,0,0,2025-03-12
2106,100.0,87.41983486155105,37,0,0,2025-01-29
2107,78.99379265352131,72.64033270267677,80,0,0,2025-01-25
2108,94.38391925608383,85.55295065959781,80,0,0,2025-03-18
2109,84.71381524251015,72.11573609298696,35,0,0,2025-01-19
2110,94.03187431082343,85.97299051480988,45,0,0,2025-03-03
2111,82.55885997885807,79.23222470214111,28,0,0,2025-01-03
2112,86.37207093927705,100.0,91,0,0,2025-01-02
2113,88.40919175395722,84.52126739497946,92,0,0,2025-01-03
2114,77.97812544218527,68.14912520486094,77,0,0,2025-01-30
2115,95.40824345420125,83.3898374718769,91,0,0,2025-03-14
2116,82.86786433528415,91.23230494765465,91,0,0,2025-01-30
2117,85.71400084659982,100.0,23,0,0,2025-01-06
2118,78.05650625391488,77.92657120073538,98,1,0,2025-03-17
2119,62.376663412046895,66.01086431171632,94,0,0,2025-01-17
2120,86.08972237399831,94.80204413717178,34,0,0,2025-01-14
2121,100.0,68.43281552920419,31,0,0,2025-01-30
2122,95.84604287898024,79.76613470191018,20,0,0,2025-03-01
2123,87.80739620265605,81.90855417386807,23,0,0,2025-02-20
2124,85.37109170791733,84.1643985603987,92,0,0,2025-03-12
2125,88.22465892812046,93.26997348489203,78,0,0,2025-01-10
2126,93.4711911517521,76.79638861256335,93,0,0,2025-01-17
2127,76.19187184691155,81.71524897399887,92,0,0,2025-03-30
2128,99.14321694668872,84.82875576460734,86,0,0,2025-01-12
2129,95.15381315441245,86.79517549022546,90,0,0,2025-02-17
2130,95.18185725707934,86.17392609649507,3,0,0,2025-01-17
2131,92.38475738809727,90.23206930267096,51,1,0,2025-01-15
2132,88.1961665769399,95.12607411570085,87,0,0,2025-03-06
2133,94.7286123596682,89.71160938781162,1,0,0,2025-01-22
2134,93.91814133741379,90.44302628211062,5,0,0,2025-03-24
2135,84.45959289058976,66.01332199904226,95,0,0,2025-03-06
2136,82.26398227103098,85.60273238998816,90,0,0,2025-02-02
2137,89.01856295261987,90.75409057601931,44,0,0,2025-03-13
2138,100.0,93.7472943348454,90,0,0,2025-01-09
2139,75.60892924346099,76.69179070919446,93,0,0,2025-02-20
2140,73.3247473424756,77.09152870133626,51,0,0,2025-03-06
2141,89.64760841236517,78.11079189659682,6,0,0,2025-02-02
2142,88.50887701856018,91.43696679869612,97,0,0,2025-03-20
2143,89.73341664370409,97.4065726590905,57,0,0,2025-01-15
2144,90.439531979085,80.11047871250078,17,0,0,2025-02-15
2145,85.76797745365195,95.89554776352459,80,0,0,2025-01-10
2146,100.0,86.48175770997513,92,0,0,2025-01-08
2147,71.99096021523485,83.50857067405076,36,0,0,2025-01-26
2148,79.71502975219754,82.46338924218438,44,0,0,2025-02-23
2149,86.96745239850952,93.95933637522589,40,0,0,2025-03-17
2150,71.56811188845833,88.90693380144484,99,0,0,2025-01-06
2151,86.24145595567929,100.0,32,0,0,2025-03-16
2152,100.0,74.77330428403211,84,0,0,2025-03-18
2153,88.20886488295962,91.21722042435971,97,0,0,2025-03-28
2154,90.30700905718683,78.64958788226184,24,0,0,2025-03-26
2155,75.3983523482742,74.56855615613628,99,0,0,2025-03-16
2156,81.83638591960522,84.86959435558033,98,0,0,2025-03-19
2157,84.24803619676064,86.64822975288443,96,0,0,2025-01-22
2158,84.82284903243766,100.0,35,0,0,2025-01-08
2159,100.0,82.79025021180158,87,0,0,2025-02-12
2160,93.57691060725125,71.4378552461838,92,1,0,2025-03-05
2161,76.88542043062968,88.27612860993263,99,0,0,2025-03-27
2162,90.46504778432005,60.10431954944358,30,0,0,2025-02-12
2163,92.98221748496785,83.8965186087488,92,0,0,2025-01-16
2164,99.40149038521267,85.19230338754193,56,0,0,2025-01-26
2165,100.0,94.53520459534253,29,0,0,2025-02-12
2166,77.84905808172131,96.68346699313416,70,0,0,2025-02-11
2167,79.89142488789662,78.95716457310739,93,0,1,2025-02-27
2168,75.42422141085383,83.19263182444081,77,0,0,2025-01-08
2169,85.65980140893019,75.80655003267195,82,0,0,2025-01-12
2170,92.66358374446335,71.46324934230768,99,1,0,2025-01-05
2171,97.87334516589102,88.71873735256762,66,0,0,2025-01-30
2172,87.24048976357477,69.7169734168408,86,0,1,2025-01-14
2173,84.80152476745155,80.02447719313764,60,0,0,2025-02-04
2174,89.5175799224874,73.05791248120914,65,0,0,2025-02-02
2175,79.64857098369977,91.59619823548312,90,0,0,2025-02-27
2176,100.0,100.0,98,0,0,2025-03-11
2177,71.92338972881942,69.38094420636003,83,0,0,2025-02-23
2178,89.84740578895725,62.76377820522917,92,0,0,2025-01-22
2179,100.0,83.50135737579919,14,0,0,2025-01-22
2180,88.06799844559998,85.1883735514931,35,1,0,2025-02-24
2181,86.09960964998506,87.62391168108758,81,0,0,2025-03-05
2182,84.42554577189573,79.64415381718786,3,0,0,2025-03-18
2183,86.19608318237592,82.59232841409482,42,0,0,2025-02-06
2184,100.0,89.41012492648723,81,0,0,2025-02-24
2185,65.88138088670493,97.48517071173806,2,0,0,2025-03-13
2186,100.0,61.539414756180605,44,1,0,2025-01-15
2187,73.76042847549854,80.57272673162245,81,0,0,2025-03-17
2188,85.33347670765585,87.56570552729276,84,1,0,2025-03-13
2189,83.70755579701338,73.98428674467117,97,0,0,2025-03-13
2190,93.88553269770719,100.0,88,0,0,2025-03-28
2191,72.01875648116253,77.37508143725516,69,0,0,2025-01-15
2192,92.62172666081943,84.5044877559126,97,0,0,2025-01-25
2193,100.0,91.6722651621075,93,0,0,2025-01-14
2194,74.3682599540719,77.90458253437727,33,0,0,2025-03-25
2195,89.89706167610396,62.841123426346996,21,0,0,2025-02-20
2196,81.3801782220339,79.8561456770016,89,0,0,2025-02-08
2197,92.25887206193036,97.3532866711245,83,0,0,2025-03-08
2198,88.19147777415752,80.95725847857834,93,0,0,2025-01-21
2199,81.58513090955691,74.84278838249226,91,0,0,2025-01-09
2200,92.87872284871074,96.10806651403266,87,0,0,2025-03-17
2201,100.0,81.03070124772337,99,0,0,2025-01-17
2202,86.09096208272702,78.87807023619739,82,0,0,2025-03-03
2203,95.19757942148182,86.79347307595971,18,0,0,2025-02-08
2204,75.06727042128836,94.24900251542545,94,0,0,2025-01-09
2205,78.43563623181991,100.0,41,0,0,2025-03-14
2206,92.72406277880377,94.92683329188908,93,0,0,2025-02-03
2207,100.0,98.91807959666014,98,0,0,2025-03-22
2208,91.5561334878566,78.92840561214574,90,0,0,2025-01-23
2209,84.86941969476845,72.68958272836629,85,0,0,2025-01-03
2210,87.99291405423354,85.74797619542947,76,1,0,2025-02-26
2211,75.49592266030282,86.28603898311515,60,0,0,2025-03-02
2212,94.04515326355367,72.05784710362484,58,0,0,2025-03-25
2213,96.82333062323409,82.89646564115185,87,0,0,2025-03-01
2214,83.4790966716692,89.79181122062957,92,0,0,2025-01-12
2215,83.29957852240499,89.32472074021696,89,0,0,2025-01-06
2216,90.65878229652049,91.05145424061126,33,0,0,2025-03-23
2217,83.63280263959405,88.49157676164931,80,1,0,2025-02-05
2218,87.33867385374178,78.91589608875933,93,0,0,2025-01-14
2219,100.0,78.83319248021388,79,0,0,2025-02-13
2220,85.52974299254004,70.61258322407349,82,0,0,2025-02-18
2221,84.41659847978778,100.0,92,0,0,2025-01-11
2222,81.52458194364841,85.16140437543152,89,0,0,2025-02-01
2223,95.44191971499937,82.30176333046178,68,0,0,2025-02-12
2224,86.18775826781896,73.85449502257049,96,0,0,2025-02-26
2225,81.50626961678574,100.0,27,0,0,2025-01-29
2226,100.0,72.12006361332526,99,0,0,2025-02-27
2227,100.0,79.85382489272712,19,0,0,2025-01-10
2228,81.99576434261294,89.99004203543272,2,0,0,2025-02-13
2229,69.33460048639384,92.20255558893133,96,0,0,2025-03-25
2230,98.07513689836922,96.4951846625882,40,0,0,2025-03-27
2231,81.15370174239996,100.0,91,0,0,2025-02-10
2232,95.90625599162769,91.07389186552855,94,0,0,2025-02-14
2233,68.29896182288164,72.32763040039998,95,0,0,2025-01-07
2234,96.92597338299309,81.91665849853862,99,0,0,2025-01-26
2235,75.8882807071922,88.69398847016662,49,0,0,2025-03-17
2236,95.30764119066525,100.0,90,0,0,2025-02-17
2237,88.14273067836434,68.22633425890844,19,0,0,2025-03-16
2238,78.46060580603356,99.43091806270273,67,0,0,2025-01-30
2239,83.9296368707322,87.158972434557,95,1,0,2025-03-12
2240,94.86318456956701,95.05396642275377,61,0,0,2025-03-19
2241,89.05894453115235,83.77606340036881,85,0,0,2025-01-26
2242,93.84412980472484,74.89080843848409,81,0,0,2025-01-10
2243,100.0,94.01047335281598,88,0,0,2025-02-03
2244,72.35758388288949,92.85317232526745,99,0,0,2025-01-14
2245,100.0,96.66468358887667,9,0,0,2025-01-09
2246,89.04355937523214,84.84034437545638,84,0,0,2025-02-09
2247,79.01215951676872,77.8021357201618,95,0,0,2025-01-10
2248,74.6968637426101,66.2945560597139,80,0,0,2025-01-18
2249,86.10879609222967,94.83247921767287,13,0,0,2025-02-05
2250,97.2165011192446,90.08667378932783,84,0,0,2025-01-20
2251,86.72450879622465,73.41060840563249,55,0,0,2025-03-24
2252,100.0,78.53711592044051,25,0,0,2025-03-25
2253,73.48824309948441,79.39889425658271,95,0,0,2025-03-19
2254,87.87911052153946,67.20418681621098,82,1,1,2025-03-06
2255,75.47606555586881,75.1878112407384,97,0,0,2025-02-20
2256,91.63631882624968,71.39403571832375,93,0,0,2025-02-28
2257,96.868873900973,80.05025185734476,90,0,0,2025-03-02
2258,83.79238206318946,76.13563002004524,0,0,0,2025-03-07
2259,61.95786143372866,65.47594094959902,71,0,0,2025-01-05
2260,89.98948146796495,100.0,32,0,0,2025-02-04
2261,92.3673855173351,100.0,97,0,0,2025-03-22
2262,92.04294754961698,75.65176694176017,29,0,0,2025-03-08
2263,100.0,88.26905675984332,47,0,0,2025-02-06
2264,77.28946320350951,90.00958107785554,81,0,0,2025-01-03
2265,94.8021610545045,99.29303025728171,43,0,0,2025-01-19
2266,99.92507512477975,75.17673968007905,34,0,0,2025-01-07
2267,70.21412415993484,98.10528140778911,85,1,0,2025-02-22
2268,91.19651825918977,78.42513634951678,14,0,0,2025-03-05
2269,82.95820168992329,68.96965114997664,9,0,0,2025-01-24
2270,87.18477326898355,93.68963871177397,62,0,0,2025-01-16
2271,91.47676483538336,100.0,91,0,0,2025-03-19
2272,83.12771435886448,100.0,83,0,0,2025-01-23
2273,81.24291920838388,70.60329681891744,70,0,0,2025-02-24
2274,88.34152417488025,93.38703622096946,84,0,0,2025-03-26
2275,77.12754061137197,80.0823850744776,60,0,0,2025-03-22
2276,77.14174871114815,94.40030452628838,98,0,0,2025-03-15
2277,94.79373282956503,67.35412538522499,9,0,0,2025-02-03
2278,76.51205964841344,69.84676269161723,89,0,0,2025-02-20
2279,94.66312500909211,75.6895021220022,96,0,0,2025-02-04
2280,92.6259129285395,85.94756854801702,93,0,0,2025-02-07
2281,70.74193271209404,77.30702480153974,30,1,0,2025-01-29
2282,81.22435347664344,92.90865212696103,49,0,0,2025-02-23
2283,99.94109403047372,97.32273541909497,91,0,0,2025-01-12
2284,78.18834468860318,92.19493049494427,14,0,0,2025-03-14
2285,83.35595737690612,100.0,94,0,0,2025-02-03
2286,92.62060893251896,89.98991955346412,91,1,0,2025-02-26
2287,95.83390509282596,70.397239475918,91,0,0,2025-03-28
2288,85.48461113955504,100.0,16,0,0,2025-01-24
2289,82.02489805308359,77.73812517272803,91,0,0,2025-01-08
2290,100.0,95.92502199622683,89,0,0,2025-01-30
2291,100.0,100.0,94,0,0,2025-01-10
2292,97.78858050781795,90.4802561287648,6,0,0,2025-02-09
2293,88.85318142565023,67.0460942420242,3,0,0,2025-01-15
2294,79.91734278359074,73.9814540018825,62,0,0,2025-03-04
2295,79.69555593443435,100.0,24,0,0,2025-02-01
2296,93.22514105265758,82.9705277722862,83,0,0,2025-02-28
2297,92.18398220888683,85.95488241930599,97,0,0,2025-02-23
2298,100.0,94.10589299396331,65,0,0,2025-03-28
2299,94.50450092536138,93.35587434496388,95,0,0,2025-01-08
2300,72.96919698240183,88.34559774862552,0,0,0,2025-01-17
2301,98.51947617722918,82.49597954535442,28,0,0,2025-01-31
2302,78.01939372685587,81.24797865121171,5,0,0,2025-02-10
2303,84.16028728047648,95.29478590349612,54,0,0,2025-01-12
2304,90.50200206251695,91.64283437281352,97,1,0,2025-01-22
2305,100.0,81.91239999258653,16,1,0,2025-01-29
2306,100.0,97.98534775591769,86,0,0,2025-03-16
2307,94.06723059136183,83.4515906184426,75,0,0,2025-01-11
2308,86.16803381279612,74.78005390798728,98,0,0,2025-01-28
2309,93.3450564848055,75.89235161315986,20,0,0,2025-03-13
2310,96.87655425873837,73.25510996428281,35,0,0,2025-02-08
2311,84.79332374442808,81.73107980075575,4,0,0,2025-01-13
2312,100.0,99.80469134003431,72,0,0,2025-03-14
2313,90.30070759191402,75.33885782763389,46,0,0,2025-03-31
2314,92.97743089091394,87.26170913221723,95,0,0,2025-01-20
2315,94.65924252054461,77.11972785247104,86,0,0,2025-01-21
2316,92.21586610614456,81.87629150474275,86,1,0,2025-02-09
2317,96.38940500469613,66.87950545617697,82,0,0,2025-03-02
2318,81.82746813453076,82.35354125012155,15,0,0,2025-02-01
2319,82.4169824605397,82.67553544234046,74,0,0,2025-03-13
2320,76.99845767028305,91.48345532842835,99,0,0,2025-03-29
2321,92.39501230620226,87.67937095906444,94,0,0,2025-01-04
2322,95.78936503512114,70.61929450057545,96,0,0,2025-01-16
2323,92.57772866151886,98.01037892852251,94,0,0,2025-03-09
2324,100.0,87.52363648266395,17,0,0,2025-02-06
2325,87.94403981170953,87.38072220612985,37,0,0,2025-02-06
2326,94.68741655592513,84.88981175937833,0,0,0,2025-03-05
2327,77.08299123860685,78.78691063333336,50,0,0,2025-01-27
2328,84.12900297525599,87.61362807698471,18,0,0,2025-01-21
2329,94.95537757565778,90.70706123114299,78,0,0,2025-02-12
2330,96.49102110743144,64.03725170385334,89,0,0,2025-02-25
2331,85.06033052335818,78.53486995184686,96,0,0,2025-02-28
2332,87.28400748141934,81.94063635515693,92,0,0,2025-02-09
2333,72.82126253319191,88.07404726833134,98,0,0,2025-03-18
2334,84.42970799193391,99.31973207112551,8,0,0,2025-02-12
2335,96.90383163519786,75.73911022483861,2,0,0,2025-03-25
2336,93.75205016106567,79.0244578381859,89,0,0,2025-01-05
2337,93.00665721381209,78.8495906722414,48,0,0,2025-03-09
2338,88.49773687180961,75.3816689187455,42,0,0,2025-01-15
2339,88.07063158628176,80.83376205865285,55,0,0,2025-02-20
2340,81.39678860526553,94.24962663985565,44,0,0,2025-03-20
2341,94.98828420202534,72.35397405562784,81,0,0,2025-01-08
2342,92.20972944389389,90.13377274183483,73,0,0,2025-02-26
2343,92.92018847992799,64.57717323977997,81,0,0,2025-01-12
2344,82.7396515733242,78.26394404269352,89,0,0,2025-02-23
2345,66.46657080128756,81.04612839738417,64,0,0,2025-03-16
2346,98.97152711753695,100.0,41,0,0,2025-01-19
2347,83.21162543991596,81.70237234296775,27,0,0,2025-01-19
2348,79.37224235956879,58.585078318588984,58,0,0,2025-03-22
2349,94.93478911913994,61.013333117665,91,1,0,2025-01-10
2350,84.07987360080871,85.40835503616017,92,0,0,2025-02-05
2351,98.59936384046622,92.3652502694789,89,0,0,2025-01-03
2352,94.17005949576698,89.50547029152703,39,1,0,2025-03-20
2353,94.83569323200477,87.01084126961189,85,0,0,2025-02-15
2354,74.34044288799466,98.947115170068,84,0,0,2025-01-27
2355,100.0,78.52490535115442,80,0,0,2025-01-22
2356,90.61250531233856,95.7389266723219,83,0,0,2025-01-08
2357,84.30722860753797,65.415821379683,80,0,0,2025-01-11
2358,89.43388467342251,74.14062600474321,84,0,0,2025-02-16
2359,70.2376476710168,63.315503260818204,91,0,0,2025-03-11
2360,92.08652811480671,81.7018563919625,18,0,0,2025-01-14
2361,77.70628491817928,84.44486539280389,92,0,0,2025-01-01
2362,74.47329714156466,86.36921790671823,22,0,0,2025-01-24
2363,72.7764081378211,85.74260023464562,11,0,0,2025-02-24
2364,99.12688374989925,73.86936003025926,99,1,0,2025-01-28
2365,81.70736606307212,82.71710986704142,98,0,0,2025-01-05
2366,100.0,67.03063997673101,10,0,0,2025-01-23
2367,82.64198536947703,100.0,73,1,0,2025-03-16
2368,70.92642042407053,81.35648712522399,31,0,0,2025-01-31
2369,76.8347556005134,79.1333665714757,80,0,0,2025-01-27
2370,100.0,100.0,94,0,0,2025-01-11
2371,86.44101822063332,70.09304159740925,98,0,0,2025-02-23
2372,82.51712703509399,71.49295463161637,87,0,0,2025-01-27
2373,89.60018225852788,71.84535610157722,58,0,0,2025-01-12
2374,93.01782736167544,84.18554341960622,86,0,0,2025-01-16
2375,99.1739881590246,90.17957955565117,52,0,0,2025-03-25
2376,100.0,93.876105617414,97,1,0,2025-01-25
2377,84.40231354210914,100.0,95,0,0,2025-03-09
2378,74.73952313917962,58.00681054959084,83,0,0,2025-01-06
2379,83.86534838876725,92.304827069493,54,1,1,2025-03-01
2380,90.60280506582886,78.31443312913322,48,0,0,2025-03-29
2381,78.3624107378939,77.96301821333472,5,0,0,2025-01-10
2382,78.42849085104957,77.56273446095346,94,0,0,2025-03-23
2383,91.43787881549885,74.09476395030433,75,0,0,2025-01-23
2384,87.5134764842955,100.0,54,0,0,2025-01-04
2385,88.32796995411587,95.10756792416683,78,0,0,2025-03-08
2386,80.41504665299931,85.2783517426885,94,0,0,2025-01-23
2387,85.69599285794233,100.0,20,0,0,2025-03-08
2388,78.75766855731696,66.84965241641349,95,1,0,2025-02-04
2389,96.90198411124787,69.03153842402888,96,0,0,2025-03-30
2390,98.35249334723753,58.86438721366375,98,0,0,2025-02-18
2391,69.53812137761906,76.60702551852054,66,0,0,2025-02-07
2392,78.7048913980759,86.94038232045703,36,0,0,2025-02-16
2393,73.03470744909922,86.23430293518801,62,1,0,2025-02-13
2394,81.49976065593101,86.79210293271856,55,0,0,2025-02-08
2395,87.16562030209639,68.06731802720702,29,1,0,2025-03-09
2396,73.5035478030147,94.63785691136826,86,0,0,2025-02-01
2397,78.78140186874687,87.87553021886798,79,0,1,2025-03-17
2398,77.96042627918501,93.79665137759199,95,0,0,2025-01-30
2399,90.07267329398944,62.28685386891938,5,1,0,2025-02-22
2400,88.6934433703625,88.73789030557347,88,1,0,2025-01-30
2401,80.78262446662747,70.74681712098968,92,0,0,2025-03-16
2402,89.76820872139398,80.23212096938366,92,0,0,2025-03-05
2403,82.53319915412735,91.4123787836366,96,0,0,2025-03-15
2404,85.28344889673947,86.09312327507095,91,0,0,2025-01-09
2405,100.0,74.78152024264817,97,0,0,2025-01-02
2406,100.0,85.07527787421301,55,0,1,2025-03-07
2407,75.00418763072402,66.62157621707628,81,1,0,2025-02-03
2408,96.29732417879174,98.80320875077956,2,0,0,2025-01-28
2409,96.11396554491591,82.53659176604498,1,0,1,2025-01-27
2410,76.51736711247382,98.4225993310639,40,0,0,2025-02-13
2411,96.1877764375486,78.68161975484749,16,0,1,2025-01-15
2412,100.0,78.717088139121,43,1,0,2025-02-18
2413,76.77455193755586,75.82975856034584,29,0,0,2025-03-17
2414,78.82497178985736,95.5140871803169,4,0,0,2025-03-12
2415,98.17661466843502,76.4868261120583,97,1,0,2025-01-13
2416,90.71495310825648,92.73514518898212,1,0,0,2025-01-28
2417,93.51476275239523,80.41057122796852,91,0,0,2025-01-25
2418,91.40589216400497,61.28844040130056,25,0,0,2025-02-07
2419,91.90695920928144,78.15623118656241,97,0,0,2025-02-19
2420,74.73527871688917,70.85070142764582,96,0,0,2025-01-22
2421,98.47317706621448,85.40683268418805,88,0,0,2025-02-22
2422,99.69589992427774,70.71510717190611,89,0,0,2025-03-15
2423,85.70609255931973,96.1117012085754,0,0,0,2025-02-16
2424,87.56523050186138,83.90708967576367,99,0,0,2025-03-12
2425,72.68892497444278,82.86884806289513,96,0,0,2025-03-15
2426,93.14254756017834,92.870705653451,96,0,0,2025-03-19
2427,93.72057441714144,96.56688320891035,88,0,0,2025-01-20
2428,87.37808983000689,84.75881497876418,57,0,0,2025-03-30
2429,99.24353359870503,75.74559640540852,96,0,0,2025-02-22
2430,84.6592276902006,63.71236460665445,48,0,0,2025-01-31
2431,93.646059258936,76.76740291557783,84,0,0,2025-03-07
2432,77.80335661307885,77.59345304022446,16,0,0,2025-01-10
2433,87.76447849125762,86.28468943590757,97,0,0,2025-02-26
2434,86.25645742097164,80.85823742634368,23,0,0,2025-01-31
2435,90.25307922040942,93.25519566461713,37,1,0,2025-03-27
2436,84.30473071166641,77.64420074475173,83,0,0,2025-02-19
2437,86.68527404328333,84.3155059977647,92,0,0,2025-02-24
2438,96.26047171441506,99.20784931836268,86,0,0,2025-02-15
2439,83.63235762761782,89.1019025674596,38,0,0,2025-01-14
2440,71.93422899261321,84.27954949973723,0,0,0,2025-02-16
2441,100.0,77.77666669677788,92,1,0,2025-02-06
2442,100.0,77.40122323942028,99,0,0,2025-02-10
2443,75.07737304894381,74.79264096457663,94,1,0,2025-03-11
2444,94.89707805245195,78.5079176106052,76,0,0,2025-03-30
2445,82.97025229448657,94.06799006493178,96,1,0,2025-03-18
2446,90.6348721533106,82.33734074449278,68,0,0,2025-03-23
2447,90.94224129013493,68.80272316742523,82,0,0,2025-03-14
2448,85.65592199683678,100.0,79,0,0,2025-01-09
2449,80.16234334413603,88.83958229374196,74,0,0,2025-03-30
2450,81.0945894768374,68.11667919384197,92,0,1,2025-01-07
2451,78.83808084518758,79.69781287311011,82,0,0,2025-02-11
2452,79.68177791769556,86.33063659394101,52,0,0,2025-02-05
2453,87.32821709950645,100.0,43,0,0,2025-03-10
2454,80.84240010889248,71.70265050089357,6,0,0,2025-02-27
2455,94.8205206571262,96.71248863227136,85,0,0,2025-03-15
2456,100.0,100.0,38,1,0,2025-02-10
2457,82.19946758629958,77.45614833910516,24,0,0,2025-03-01
2458,90.39404500535377,81.6698365736772,88,0,0,2025-03-27
2459,92.99685110302934,72.56428903151476,90,0,0,2025-02-23
2460,92.72002270919275,82.55846630703634,92,0,0,2025-02-05
2461,88.75955267916088,84.56092030788483,81,0,0,2025-01-03
2462,95.42682418359722,92.91579997698844,96,0,0,2025-03-18
2463,92.82248952680658,98.08220165224536,98,0,0,2025-03-08
2464,75.62337577672702,76.02284722454023,93,0,0,2025-03-31
2465,96.69156064389273,61.392099229288064,87,0,0,2025-02-24
2466,96.87290837266742,84.74506264868509,50,0,0,2025-01-09
2467,80.36713895821418,88.52245035962369,99,1,0,2025-03-25
2468,88.37937835447602,87.9930122522205,45,0,0,2025-02-18
2469,94.83328992811069,81.07992102989147,33,0,0,2025-01-14
2470,85.90686180420639,86.49702519596721,73,0,0,2025-01-17
2471,98.72978047766011,100.0,9,0,0,2025-03-04
2472,100.0,89.58081002755011,99,1,0,2025-03-03
2473,80.14013967365018,80.519578899963,85,0,0,2025-03-14
2474,74.18955396846225,78.99762619484805,83,0,0,2025-01-12
2475,91.03818595604876,82.96177170786723,88,0,0,2025-02-12
2476,95.21562505126144,100.0,80,0,1,2025-02-16
2477,85.69133626155231,82.80039148568564,5,0,0,2025-03-07
2478,100.0,84.7624678657515,86,0,0,2025-03-15
2479,74.61394200276752,79.21223714876436,91,0,0,2025-01-16
2480,94.9291862303161,98.18780028930358,69,1,0,2025-02-17
2481,81.94139179241107,100.0,92,0,0,2025-01-07
2482,100.0,90.40735659317666,37,0,0,2025-03-08
2483,100.0,85.9932748454251,36,0,0,2025-03-22
2484,80.33343412216652,85.44139399809082,26,0,0,2025-01-23
2485,82.5044286409142,56.388318534571056,61,0,0,2025-03-25
2486,96.59587886979801,93.9418103714178,95,0,0,2025-02-21
2487,84.12869350210485,86.60999699195013,94,0,0,2025-02-01
2488,87.54588782067762,90.1401046079287,63,1,1,2025-03-19
2489,88.2538842054241,76.46245367099554,85,0,0,2025-02-21
2490,68.80326843802344,80.3865174522749,91,0,0,2025-01-12
2491,87.86162253905762,80.06770076196193,40,0,0,2025-02-24
2492,81.10272225935826,97.25947580887646,28,0,0,2025-01-24
2493,83.06877177600228,80.45488196076288,99,0,0,2025-01-22
2494,100.0,100.0,86,0,0,2025-02-03
2495,75.43493105720744,90.17034902818045,99,0,0,2025-01-02
2496,96.13205186747977,69.69180808005122,56,0,0,2025-01-18
2497,85.21037069668192,83.45744448097652,90,0,0,2025-02-25
2498,85.20239831504166,77.17989853412301,37,0,0,2025-03-31
2499,95.90371896051711,58.66741036215971,43,0,0,2025-01-08
2500,91.4005129456889,100.0,81,0,0,2025-03-09
2501,93.70612997219531,93.43771050664004,53,1,0,2025-01-31
2502,97.68184660532862,91.39848781479175,27,0,0,2025-02-19
2503,84.68691616816677,86.98484392359646,43,0,0,2025-03-28
2504,81.8776326549225,68.41578917569075,5,0,0,2025-02-27
2505,77.14849473442202,79.19659432533476,90,0,0,2025-02-27
2506,79.74589470021044,95.10136929740816,80,0,1,2025-01-28
2507,100.0,72.38535964260997,15,0,0,2025-01-17
2508,100.0,54.61876820499023,28,0,0,2025-02-28
2509,74.48925633791978,82.27472790662888,17,0,0,2025-01-21
2510,74.7754204325643,83.29890935166954,86,0,0,2025-02-16
2511,92.81866061718492,86.62676099697651,15,1,0,2025-03-16
2512,93.47264797377967,93.74222372217443,92,0,0,2025-03-13
2513,93.48883835317365,92.6512697467745,3,0,0,2025-02-09
2514,85.45044206446302,88.10523766292707,41,0,0,2025-01-10
2515,86.745457399971,99.34637665704051,96,0,0,2025-01-29
2516,91.27879524159357,66.77236263024022,91,0,0,2025-02-19
2517,88.85893006293331,91.05498177372868,12,0,0,2025-03-20
2518,65.80699627252466,92.5184603600433,94,0,0,2025-01-24
2519,85.70200369424806,70.12525256703712,80,0,0,2025-01-14
2520,79.48593565739687,66.96555269581133,95,0,0,2025-03-16
2521,89.75211418908512,76.04869448229279,86,0,0,2025-02-06
2522,100.0,77.06150268981649,90,0,0,2025-03-04
2523,91.67481665474304,94.04103356202917,99,0,0,2025-02-05
2524,84.86470313827603,77.62553459570687,38,0,0,2025-03-06
2525,97.21801501977252,74.72381778062555,87,0,0,2025-01-28
2526,92.82687887209212,77.66039515966528,76,0,0,2025-01-09
2527,92.20094490451841,98.42358800985053,6,0,0,2025-02-28
2528,94.06850593215671,85.15652049252343,2,1,0,2025-01-13
2529,100.0,82.84898769571706,19,1,0,2025-01-09
2530,76.69111564674084,83.67993401558738,88,0,0,2025-01-02
2531,92.73632076811454,100.0,84,0,0,2025-03-30
2532,78.73618870018461,76.0099392807611,83,0,0,2025-01-09
2533,93.55512646342248,100.0,5,1,0,2025-01-18
2534,78.81313488513905,87.52595558705805,78,0,0,2025-03-08
2535,83.82633186394915,83.07496741629583,97,0,0,2025-03-30
2536,85.04910085762094,100.0,66,0,0,2025-03-03
2537,97.7581671934471,72.33232612241684,87,0,0,2025-02-28
2538,97.18454443942414,80.75577088519593,93,0,0,2025-01-07
2539,75.54282623553615,70.21082513003199,93,1,0,2025-02-06
2540,88.5493411099985,96.42954364643404,81,0,0,2025-01-08
2541,80.90420145250827,100.0,95,0,0,2025-01-14
2542,75.41495089324665,100.0,65,0,0,2025-02-09
2543,85.8298294957563,99.68738503775205,96,0,1,2025-01-01
2544,84.9151721154418,82.62855438644841,40,0,0,2025-02-27
2545,100.0,80.61710827012185,46,0,0,2025-01-05
2546,92.32959825360696,64.94596273007122,8,0,0,2025-02-06
2547,74.22382499245762,100.0,93,0,0,2025-03-07
2548,82.35225995829057,90.6277369377816,69,0,0,2025-03-21
2549,98.21383295429399,79.09651714156621,38,0,0,2025-03-02
2550,100.0,100.0,38,0,0,2025-01-07
2551,72.14016687762042,73.32682579888,96,0,0,2025-03-24
2552,69.20075614860954,89.87946441067209,94,0,0,2025-02-08
2553,100.0,82.92845038850999,83,0,0,2025-01-30
2554,91.89614177370903,92.66412567856361,86,0,0,2025-03-16
2555,79.31707268123634,84.23711752976654,79,0,0,2025-02-24
2556,93.34629086122435,67.58886530666531,65,0,0,2025-02-22
2557,61.64252260983122,85.90691647204045,97,0,0,2025-01-04
2558,88.0337550659716,97.58636970250434,20,0,0,2025-03-18
2559,91.27821172843085,84.64940312975217,69,0,0,2025-03-22
2560,97.2427013953783,94.30138145906903,57,0,1,2025-03-25
2561,77.86104047707462,72.45364617191136,80,0,0,2025-01-30
2562,88.8568716140336,84.68487048076177,76,0,0,2025-03-16
2563,78.74575373940412,77.50587453893706,81,0,0,2025-01-22
2564,90.55383755674318,93.96377008125651,23,0,0,2025-03-24
2565,79.04653677636976,85.37789874714395,81,0,0,2025-03-17
2566,83.91899160839779,93.28088411603935,40,0,0,2025-03-19
2567,78.04184605209771,98.05252511389439,30,0,1,2025-01-17
2568,94.51136241823657,93.29942290145667,10,0,0,2025-03-09
2569,96.58451116656666,88.27742121152373,92,0,0,2025-03-27
2570,85.65379430042586,73.02145289786314,71,0,0,2025-02-23
2571,88.38237994960028,84.96656667199719,87,0,0,2025-01-19
2572,73.51408585366455,78.60291517581,91,0,0,2025-02-04
2573,85.00323351993212,80.87123251954928,89,0,0,2025-02-09
2574,87.49795382958256,80.50559019099698,78,0,0,2025-03-31
2575,100.0,73.24089310261307,64,0,0,2025-03-17
2576,76.88032974225837,61.511936930392125,62,0,0,2025-02-05
2577,100.0,76.98228342006679,88,0,0,2025-02-02
2578,97.96858773465809,87.3205534230899,80,0,0,2025-03-26
2579,90.80636404490136,68.82187545487011,95,0,0,2025-02-15
2580,100.0,85.18818683765949,96,1,0,2025-03-12
2581,91.72105472606863,100.0,28,1,0,2025-03-20
2582,91.89159195667929,97.27667866302687,22,1,0,2025-03-07
2583,87.46879346982455,100.0,87,0,0,2025-03-03
2584,100.0,89.69353452319271,50,0,0,2025-01-26
2585,98.96469233810883,99.01011787583735,3,0,0,2025-01-13
2586,81.74322712503788,76.31242323438656,96,0,0,2025-03-31
2587,74.80752805401232,77.26791679573618,37,0,1,2025-01-31
2588,85.97019362604343,52.130317526350325,97,0,0,2025-02-02
2589,79.99961435602353,99.23374568850758,91,1,0,2025-01-16
2590,87.36475425384644,100.0,92,0,0,2025-03-20
2591,100.0,78.36187305583276,33,0,0,2025-03-24
2592,83.4269834491321,81.95257952323318,39,0,0,2025-02-13
2593,87.57176618688425,75.95365463570846,82,0,0,2025-03-15
2594,88.58022734808395,89.5918426177299,28,0,0,2025-01-05
2595,96.48430882205284,98.49919054363889,50,0,0,2025-01-09
2596,65.53110666015395,64.08673631342751,53,0,1,2025-03-19
2597,81.93299705234703,89.91326236770703,26,0,1,2025-01-29
2598,90.11283692279473,81.67993873937026,34,0,0,2025-02-04
2599,100.0,86.36073270360028,93,0,0,2025-01-15
2600,83.08097552493795,90.5079280200915,27,0,0,2025-02-17
2601,69.23447293958125,82.74157073472615,4,0,0,2025-01-18
2602,94.19711445966136,83.75695775913063,87,0,0,2025-03-30
2603,81.6463761117437,82.43349798934433,99,0,0,2025-03-13
2604,76.1033334090964,96.64379442145938,55,0,0,2025-02-13
2605,81.75654610286776,90.02511952152996,19,0,0,2025-01-02
2606,86.15474642344151,87.64700245284833,84,1,0,2025-03-17
2607,81.95255335461788,69.74857934689261,97,0,0,2025-03-30
2608,65.9443394290093,80.45704308144215,93,0,0,2025-03-03
2609,96.97066196887133,95.7840299240701,87,0,0,2025-03-16
2610,100.0,85.45235887748707,52,0,0,2025-02-15
2611,94.51521991339506,92.91437763506966,83,0,1,2025-02-15
2612,76.62314329575183,100.0,15,0,0,2025-02-06
2613,85.98508466052482,97.4632728305058,89,0,0,2025-02-07
2614,87.93478684770542,86.1179000523969,91,1,0,2025-02-04
2615,93.9879438956191,78.86812995765128,98,0,0,2025-02-18
2616,94.68340488718081,54.35740484732922,43,0,0,2025-03-15
2617,80.65826201221505,82.97938093032577,3,0,0,2025-02-23
2618,88.8199555641356,81.08785005019782,83,0,0,2025-03-03
2619,92.57280404615241,89.6843943327445,90,0,0,2025-03-18
2620,100.0,83.15313727630375,93,0,0,2025-03-26
2621,95.04506539824723,81.15537928675846,32,0,0,2025-02-05
2622,95.89056687375519,63.64721283391335,43,0,0,2025-03-15
2623,88.8382662792936,73.72038605019921,81,0,0,2025-02-03
2624,100.0,90.7198124896067,55,0,0,2025-01-28
2625,92.09762795959497,100.0,95,0,0,2025-01-14
2626,79.3891208982643,83.82969539505252,78,0,0,2025-01-11
2627,100.0,88.93373288288947,93,0,0,2025-02-08
2628,94.97903272539028,96.42973788343366,85,1,0,2025-02-26
2629,83.56955978871518,75.26927276559701,92,0,0,2025-03-15
2630,83.20507032600757,89.4017685194253,55,0,0,2025-03-24
2631,90.96575545140762,76.1141187240141,94,1,0,2025-03-16
2632,92.63184795267584,95.37789326189214,45,1,0,2025-03-13
2633,89.97292265631206,86.8168365754208,83,0,0,2025-01-01
2634,91.11308673442885,88.58142176777727,35,0,0,2025-02-05
2635,100.0,75.60881683097693,79,0,0,2025-03-08
2636,98.71543152234887,93.48438831532943,53,0,0,2025-02-28
2637,89.90635591265024,100.0,44,0,0,2025-03-24
2638,97.41310580767484,72.90505965486153,98,0,0,2025-02-14
2639,77.67476096472461,80.92289190822972,26,0,0,2025-03-28
2640,91.97927049946809,87.77928969001711,93,0,0,2025-03-28
2641,100.0,94.4368745439498,99,0,0,2025-03-09
2642,85.81954104607627,78.28544457652637,3,0,0,2025-03-03
2643,79.52366071380915,51.003636518287124,90,0,0,2025-03-02
2644,81.4791111140694,100.0,42,0,0,2025-03-04
2645,77.10366962657612,94.12607343500972,6,0,0,2025-03-21
2646,80.15238091872297,64.08462963416002,67,0,0,2025-01-16
2647,84.2949190140997,77.70917449864533,97,0,0,2025-01-29
2648,73.94432980821358,100.0,1,0,1,2025-02-07
2649,88.15618333949602,100.0,85,0,0,2025-03-28
2650,97.02277173786648,96.26368027214734,81,0,0,2025-01-23
2651,78.9224381985308,82.88665079248165,96,0,0,2025-02-21
2652,100.0,85.99584902575012,14,0,0,2025-02-02
2653,93.10792088527595,83.42889033848648,90,0,0,2025-03-31
2654,98.30580585624057,98.53887739922605,90,0,0,2025-03-09
2655,81.42165446147862,74.48989112205868,89,0,0,2025-03-16
2656,96.54525227066615,75.33040414138955,98,0,0,2025-01-13
2657,77.08066099604687,97.12329504203218,94,0,0,2025-01-25
2658,96.90247500836509,84.46766253386126,6,1,0,2025-03-01
2659,89.71839339793532,100.0,78,0,0,2025-03-28
2660,93.53251219984784,76.94185351623345,66,0,0,2025-02-27
2661,76.24405394375148,84.3426596759341,51,1,0,2025-02-05
2662,79.04930157723395,73.93104418187256,75,0,0,2025-01-30
2663,93.97228218253385,85.08835217708281,64,0,0,2025-03-04
2664,78.51651995775799,67.25743675601441,72,0,0,2025-02-17
2665,92.63206292099123,79.14839894854045,99,0,0,2025-02-09
2666,74.32862193539754,67.76495362086258,14,0,0,2025-02-08
2667,96.48174212666669,93.3270787982951,97,0,0,2025-01-04
2668,75.67476685231492,93.59907207711582,80,0,0,2025-02-13
2669,93.52299937679523,64.23684723418786,87,0,0,2025-03-02
2670,94.25630933646,100.0,94,0,0,2025-03-16
2671,81.03228181570425,100.0,60,0,0,2025-03-23
2672,93.82026567084726,85.55207664083609,71,0,0,2025-03-21
2673,90.60442263333556,77.30662887730426,68,0,0,2025-03-05
2674,82.61158143807262,100.0,62,0,0,2025-03-10
2675,77.91445315923792,69.17237802036988,97,0,0,2025-01-10
2676,68.3737430832742,85.24127760242918,94,0,0,2025-01-09
2677,91.49650047299694,87.15546727158308,18,0,0,2025-03-01
2678,72.35197228637945,100.0,18,1,0,2025-03-16
2679,88.95344199441308,89.31686770152146,71,0,1,2025-02-22
2680,85.36551783917751,79.01639325053858,16,0,0,2025-03-25
2681,94.79142775438196,73.58578755534452,86,0,0,2025-02-25
2682,84.97954500510136,80.89813815704638,23,0,0,2025-02-13
2683,84.70552213652908,72.91687166865827,82,0,0,2025-01-16
2684,95.31870704288295,85.5739038374162,1,0,0,2025-01-21
2685,91.35058029084118,78.22964584167416,52,0,0,2025-02-01
2686,91.16155957182778,67.071546480523,89,0,0,2025-03-06
2687,92.69267589808527,100.0,80,0,0,2025-02-19
2688,72.64427876792894,79.02792971885152,99,0,0,2025-02-14
2689,95.56788679986983,69.78235834029624,96,1,0,2025-02-12
2690,94.12468794013603,82.9808903861495,59,0,0,2025-03-28
2691,77.83316871423503,85.8204587916119,7,0,0,2025-01-13
2692,85.55919526325799,64.0423992930516,95,0,0,2025-02-22
2693,87.6069271237237,88.97977200550915,97,0,0,2025-03-13
2694,86.65503215598267,72.43410917571683,94,0,0,2025-02-06
2695,91.33859966568535,100.0,21,0,0,2025-02-24
2696,100.0,91.28752614492082,99,0,0,2025-01-18
2697,98.81766727672829,80.2012001186882,43,0,0,2025-02-23
2698,74.87780806568594,76.0579867561918,91,0,0,2025-02-23
2699,94.22069990306049,83.74038750923651,97,0,0,2025-03-12
2700,100.0,92.35348889899947,39,1,0,2025-03-04
2701,91.86808520689203,84.6940704569776,97,1,0,2025-02-10
2702,98.90980425185967,82.39409431435772,51,0,0,2025-03-08
2703,100.0,85.70044348981475,99,0,0,2025-02-14
2704,98.23709546106981,77.75369282515655,46,0,0,2025-03-26
2705,90.49308595641729,80.88152887788355,98,0,0,2025-01-05
2706,98.45088474084753,59.970490733139954,8,0,0,2025-01-29
2707,89.44887833096891,96.68471477022841,90,0,0,2025-01-16
2708,88.23903043284956,88.58557336386114,82,0,0,2025-02-07
2709,84.48585764286267,75.71852987159883,79,0,0,2025-02-07
2710,100.0,100.0,37,0,0,2025-01-12
2711,79.81571334057999,86.04419776470864,90,0,0,2025-02-18
2712,100.0,72.56627713629764,31,0,0,2025-02-03
2713,92.99864123740372,95.2808490576455,83,0,0,2025-02-17
2714,74.00693825198059,89.77657859811114,42,0,0,2025-02-18
2715,91.67649292991422,89.73495982581063,98,0,0,2025-01-10
2716,66.99973492348376,79.89093274418092,4,0,0,2025-02-08
2717,94.25508016831036,90.40594868533641,33,0,0,2025-02-14
2718,96.8523148298899,81.85890051734687,40,0,0,2025-02-10
2719,82.07644044347947,91.6712974197501,69,0,0,2025-01-15
2720,89.23547695955583,62.140666551872336,38,0,0,2025-01-07
2721,100.0,79.79351844424973,80,0,0,2025-03-18
2722,82.94253295738064,100.0,96,1,0,2025-02-05
2723,77.410924129434,75.7951905351964,91,0,0,2025-01-05
2724,100.0,77.75394043008176,84,0,0,2025-01-23
2725,100.0,79.6244639386003,14,0,0,2025-03-09
2726,88.03695671847848,70.42232636933628,90,0,0,2025-03-18
2727,98.11463035408356,58.50063068526097,27,0,0,2025-03-07
2728,100.0,82.23296321771664,93,0,1,2025-01-04
2729,80.57515767461616,86.63031308897989,41,0,0,2025-01-11
2730,83.14694164632132,84.36993917753617,69,0,0,2025-01-30
2731,100.0,83.26145725662536,58,0,0,2025-02-28
2732,100.0,85.51649045020466,95,0,0,2025-03-13
2733,93.62880860174354,97.27409765860916,21,0,0,2025-01-25
2734,79.20185646497946,82.7146457688494,84,0,0,2025-03-24
2735,100.0,78.11100907495276,23,0,0,2025-03-12
2736,82.69029102188036,81.62649418134296,90,0,0,2025-01-29
2737,84.64862218828549,91.9521611170813,97,0,0,2025-01-11
2738,91.42337834489622,100.0,72,0,0,2025-02-01
2739,100.0,77.46227512996987,80,0,0,2025-01-09
2740,96.53975976552223,86.1872054443466,97,0,0,2025-03-29
2741,92.1486550036191,89.06028930323151,82,0,0,2025-03-20
2742,92.63288530118106,73.08906391925413,80,0,0,2025-02-02
2743,88.43514668643466,85.24500600655502,84,0,0,2025-01-02
2744,93.58139514518507,67.41191371189485,90,0,0,2025-03-28
2745,62.70439922305697,63.771396355127216,17,0,0,2025-01-07
2746,85.03392540930201,89.40095689470708,94,0,0,2025-02-14
2747,90.4132193491678,80.3935031040306,72,0,0,2025-02-02
2748,76.48985916380494,87.42736489145463,12,0,1,2025-03-16
2749,91.86323317811559,84.7852602758998,93,0,0,2025-03-27
2750,85.95528779013878,73.28319941603444,62,1,0,2025-02-06
2751,100.0,84.45694837642796,16,0,0,2025-03-21
2752,100.0,70.20278433982173,87,0,0,2025-02-04
2753,83.34194430881837,100.0,96,0,0,2025-03-03
2754,86.49162288433304,68.72835586168043,96,0,0,2025-02-21
2755,87.26052434391607,82.65057674837702,98,0,0,2025-02-15
2756,83.48340523840378,72.49274094343302,95,0,0,2025-01-19
2757,89.95024984028127,91.84505408032955,0,0,0,2025-01-10
2758,80.4171793111241,81.02282354462197,63,0,0,2025-03-13
2759,76.69384665062474,78.77599936454548,94,0,0,2025-03-09
2760,94.22711223900268,95.23841854061865,61,0,0,2025-02-11
2761,94.29529584221811,85.35316710013062,86,0,0,2025-02-02
2762,79.95684240340007,91.1997333512316,86,0,0,2025-03-19
2763,96.95355430762599,73.22408876179043,60,0,0,2025-03-20
2764,81.68422270834668,68.14219667286991,97,0,0,2025-01-26
2765,90.53165238037981,86.28649554448161,81,0,0,2025-03-28
2766,96.20344012612456,81.17384373406323,77,0,0,2025-03-04
2767,87.66387435296286,92.51721606944733,99,0,0,2025-01-16
2768,92.54740912141135,84.0410985680494,80,0,0,2025-01-25
2769,82.83570356112428,87.46090407081556,29,0,0,2025-01-26
2770,86.03533416571902,65.51940964070508,81,1,0,2025-02-06
2771,85.9414056911966,100.0,94,0,0,2025-01-11
2772,80.53421653459762,83.02909617961562,93,0,0,2025-01-13
2773,86.23225836884218,93.37104364407038,93,0,0,2025-02-28
2774,72.51381701136253,74.96689995736449,90,0,0,2025-02-20
2775,83.08846252857896,88.69611882660809,42,0,0,2025-03-20
2776,85.15124506630329,69.36586283770305,95,0,0,2025-02-09
2777,85.4382024750462,90.42481405911604,96,0,0,2025-01-22
2778,85.58502554129221,80.72831098737001,32,0,0,2025-01-25
2779,87.38235800139871,85.3502860472268,21,0,0,2025-03-25
2780,92.79441518086064,93.37568836156117,99,0,0,2025-02-16
2781,96.74517074132523,70.20951626535664,95,0,0,2025-03-23
2782,81.50234773151733,76.78609923264644,96,0,0,2025-01-14
2783,75.96799144610856,90.48789137304118,96,0,0,2025-02-16
2784,77.57955587756896,100.0,83,0,0,2025-03-27
2785,83.12797078805073,83.34301198406222,88,0,0,2025-01-20
2786,84.48078682183491,92.0936334150872,83,0,0,2025-02-22
2787,80.30003933802543,83.71634236169824,8,0,0,2025-03-15
2788,75.03883335750106,100.0,92,0,0,2025-02-24
2789,83.43879172525811,64.03333999641694,81,0,0,2025-02-14
2790,89.81426620113972,86.13545253603229,88,0,1,2025-02-08
2791,93.95029465835565,65.49347159725527,81,0,0,2025-01-08
2792,82.42576946891678,54.921141153559404,80,0,0,2025-02-01
2793,83.87002177856566,88.5695446374138,28,1,0,2025-03-03
2794,78.73301691152689,86.6739735537695,46,0,0,2025-01-08
2795,87.68560829625224,81.58195674709359,26,0,0,2025-01-29
2796,79.51571365809185,83.72567091952297,32,0,0,2025-02-26
2797,93.731278132412,100.0,99,0,0,2025-03-21
2798,70.14133508065889,81.90189834362279,25,0,0,2025-01-01
2799,84.40370327547538,91.1214923350009,44,0,0,2025-02-09
2800,91.01107339191742,77.20762216463343,85,0,0,2025-03-30
2801,89.83834516322504,88.54279090048723,86,0,0,2025-02-09
2802,100.0,82.14119589933259,25,0,0,2025-03-12
2803,91.49800024567908,80.07377820724324,93,0,0,2025-02-03
2804,77.9594540315799,100.0,93,0,0,2025-01-23
2805,87.04535752910927,99.12621955821207,39,0,0,2025-02-26
2806,70.23753666533548,86.64095976879076,48,0,0,2025-02-14
2807,87.1940025070324,57.3494567686724,98,0,0,2025-02-14
2808,79.66943942999241,80.66788932096917,94,0,0,2025-03-01
2809,97.15390275560162,100.0,90,0,0,2025-01-10
2810,82.50459725404465,82.2320600003235,13,1,0,2025-02-27
2811,86.83234084204753,98.2386108646439,69,0,0,2025-03-23
2812,81.64442158595597,100.0,83,0,0,2025-02-25
2813,100.0,87.6275669902717,31,1,0,2025-01-10
2814,84.78757233882088,74.89814041758217,74,0,0,2025-02-28
2815,100.0,55.77625201860534,86,0,0,2025-01-20
2816,96.14151762118266,93.20995850330746,54,0,0,2025-03-10
2817,92.82066727335386,75.22292796611742,93,0,0,2025-03-29
2818,91.68733147317519,87.1138054226523,95,0,0,2025-03-31
2819,91.93797298216252,70.00215592492764,53,0,0,2025-01-12
2820,68.72327420654389,81.81714951435757,94,0,0,2025-01-31
2821,85.21116605849244,85.40462865881264,17,0,0,2025-02-03
2822,96.45157971184321,88.22312297253157,94,0,0,2025-03-08
2823,87.51102816525895,71.62213375177103,25,0,0,2025-02-03
2824,73.94810153196426,99.36293138513622,13,1,0,2025-01-17
2825,87.4759554942253,77.83726258321634,88,0,0,2025-01-13
2826,100.0,64.90636647456105,78,0,0,2025-01-12
2827,100.0,83.69171896043844,97,0,0,2025-02-27
2828,87.37995990633968,85.41250370831752,60,1,0,2025-03-21
2829,97.51449277058086,86.92707319806112,47,0,0,2025-03-14
2830,84.33492979631949,100.0,81,0,0,2025-02-28
2831,70.96128413173281,82.16261395916969,75,0,0,2025-03-24
2832,78.75534011870445,83.56456450757474,57,0,0,2025-01-28
2833,100.0,71.76178742520288,90,0,0,2025-03-17
2834,85.26006918170695,94.84664203465476,92,0,0,2025-01-05
2835,85.56616020624982,87.21170876893724,95,0,0,2025-01-25
2836,85.00161803725119,79.95966727247006,99,0,0,2025-03-22
2837,100.0,62.14390367841443,44,0,0,2025-02-18
2838,100.0,100.0,91,0,0,2025-01-01
2839,100.0,70.26784042652731,65,0,0,2025-03-09
2840,86.40954789599948,77.90466388756353,89,0,0,2025-03-23
2841,90.95624488747094,89.30013413291204,79,0,0,2025-03-15
2842,72.83357450579209,70.64130485659976,99,0,0,2025-03-15
2843,100.0,67.07788266096227,91,0,0,2025-03-09
2844,76.32220448732065,59.512629007592025,98,0,0,2025-02-19
2845,90.16775563762629,93.65196343486762,94,0,0,2025-02-12
2846,77.02697472367156,78.45776506328414,96,0,0,2025-03-20
2847,82.11133173261304,100.0,94,0,0,2025-01-16
2848,79.627375689503,73.06773921242952,76,0,1,2025-03-28
2849,81.92124739324183,73.94258771885295,41,0,0,2025-01-28
2850,82.60877296851021,78.21528435657518,61,0,0,2025-03-29
2851,82.51731205074923,87.91761586166187,3,1,0,2025-03-12
2852,96.33333911780306,79.35755993457626,82,0,0,2025-03-31
2853,76.9513720693748,92.34798656803014,81,1,0,2025-01-26
2854,90.20541427013868,73.25693932013615,82,0,0,2025-03-03
2855,100.0,68.42089937843703,99,0,0,2025-03-11
2856,82.86803635486604,63.42142312709071,97,0,0,2025-01-18
2857,80.82081109252398,58.31710998475364,26,0,0,2025-03-15
2858,85.69475374819748,78.78317176629932,61,0,0,2025-03-18
2859,99.7972520836071,81.38823625128134,70,0,0,2025-01-13
2860,89.94107630953357,77.4227556702018,60,0,0,2025-02-19
2861,82.68785705392402,99.92086956624594,93,0,0,2025-02-07
2862,92.8387665118804,99.73636251529763,82,0,0,2025-03-03
2863,76.97707850163576,80.98236415066597,84,0,0,2025-02-28
2864,94.81359510442948,63.472946641696446,95,0,0,2025-01-23
2865,92.08607307701767,78.19953870333937,93,0,0,2025-03-18
2866,84.92191528861116,77.80214327299527,22,0,0,2025-01-19
2867,79.61414201552769,77.1143804526633,91,0,0,2025-03-25
2868,79.13319077716542,76.62737315322106,72,0,0,2025-03-05
2869,93.3481733634591,77.15844525130231,49,0,0,2025-02-03
2870,100.0,80.36150060922688,8,0,0,2025-03-04
2871,81.62692252971205,77.37350681421331,80,0,0,2025-01-14
2872,92.58386703551484,87.4998701035071,59,0,0,2025-02-18
2873,67.12972981397931,89.32442459085833,41,0,0,2025-01-11
2874,82.153822693428,74.07225895381012,90,0,0,2025-03-22
2875,87.68941067129099,100.0,92,0,0,2025-01-23
2876,78.90316583018166,73.23925237791263,40,0,0,2025-03-10
2877,78.63493625210404,65.58639263421595,8,0,0,2025-02-12
2878,81.32220443531114,89.56933685638062,95,1,0,2025-01-07
2879,90.92192728326373,75.19110238702793,1,0,0,2025-01-12
2880,86.12670981593625,88.85549764908866,98,0,0,2025-03-17
2881,65.61768766675027,56.15597678679364,87,0,1,2025-03-14
2882,66.79299847364933,100.0,53,0,0,2025-02-21
2883,81.93134822142825,93.06752089648482,41,0,0,2025-01-19
2884,92.57686586053552,66.99428141004398,1,0,0,2025-02-28
2885,60.52495157274765,67.25467451384458,39,0,0,2025-02-22
2886,83.00269823848369,100.0,22,0,0,2025-02-13
2887,82.7375214348258,76.1514411580245,86,0,0,2025-03-20
2888,100.0,74.98978181520852,27,0,0,2025-01-10
2889,84.14978188287137,57.807374870208605,82,1,0,2025-01-12
2890,91.82988984740929,80.79066153278134,85,0,0,2025-01-30
2891,89.41257140087463,82.26736462197097,49,0,0,2025-02-16
2892,66.694335201928,93.58591716123382,5,0,0,2025-02-17
2893,95.68207216631737,68.2110588617863,6,0,0,2025-02-03
2894,90.15396505456287,66.75655849311269,4,0,0,2025-01-05
2895,93.0826863967459,90.41155161731773,91,0,0,2025-02-07
2896,100.0,97.08076085472477,53,0,0,2025-02-08
2897,67.15887060501412,66.1461717865854,93,0,0,2025-02-13
2898,100.0,97.97816903559689,71,1,0,2025-01-29
2899,85.12552480599645,85.45050209784186,75,0,0,2025-01-01
2900,90.87328904403009,98.10166406889574,81,0,0,2025-02-24
2901,87.54487754698758,84.1573556617886,91,0,0,2025-01-15
2902,83.75763666601956,54.7326649901446,45,0,0,2025-02-03
2903,82.30167071761241,83.17639141220754,20,0,0,2025-02-19
2904,91.29508735573009,97.72172582405524,83,1,0,2025-03-07
2905,72.8282630332832,74.27504777099543,54,0,0,2025-03-12
2906,95.50579167521765,80.34442037311058,73,0,0,2025-03-02
2907,83.83805595114745,82.88639795738825,88,0,0,2025-03-22
2908,76.69930660959642,50.20583344157822,80,0,0,2025-02-21
2909,83.49987142004187,100.0,87,0,0,2025-02-06
2910,100.0,74.1834918412339,83,1,0,2025-02-28
2911,82.64664912983777,91.06882518967359,91,0,0,2025-01-21
2912,91.5845361820962,83.9595863662215,90,0,0,2025-03-31
2913,80.69043724284526,100.0,82,0,0,2025-01-28
2914,95.57921849923619,89.87267346913697,89,0,0,2025-01-30
2915,94.85507738790204,82.18090874174831,96,0,0,2025-01-25
2916,100.0,74.27781888976864,72,0,0,2025-02-17
2917,86.24436054500785,94.57420841658566,68,0,0,2025-03-28
2918,94.68654804757907,62.5187043525446,92,0,0,2025-03-02
2919,88.98067539538944,92.75068504331071,85,0,0,2025-03-24
2920,100.0,71.81146298134152,11,0,0,2025-01-09
2921,80.81167612391269,100.0,96,0,0,2025-03-31
2922,95.45005312877281,86.93559451195235,5,0,0,2025-01-24
2923,86.05302703883318,92.7294852142013,92,0,0,2025-02-15
2924,87.35811822891502,85.98386576589664,92,0,0,2025-03-03
2925,88.91752484448372,63.97147485830804,98,0,0,2025-01-11
2926,90.52240396426677,74.67125003925594,9,0,0,2025-02-22
2927,86.83770956878041,93.06867205133659,85,0,0,2025-02-06
2928,90.14713183170527,86.99986980831812,71,0,0,2025-01-22
2929,100.0,99.17187886366807,55,0,0,2025-01-14
2930,97.85449685615218,89.83929475644607,15,0,0,2025-03-14
2931,96.69154592496896,73.39957731156808,84,0,0,2025-03-13
2932,83.44460473976129,75.44723034735239,79,0,0,2025-02-12
2933,79.10759171771676,86.23500868627885,17,0,0,2025-03-17
2934,97.55300558237752,57.23147120799874,86,0,0,2025-02-07
2935,96.76046792529795,100.0,91,0,0,2025-03-30
2936,100.0,90.30096083653069,92,0,0,2025-02-10
2937,81.9601937403077,99.72441516458647,97,0,0,2025-03-13
2938,85.70451344639653,66.03275271028997,68,0,0,2025-03-24
2939,71.60515837474566,99.93478192426306,98,0,1,2025-02-12
2940,84.07528893939127,100.0,95,0,0,2025-01-22
2941,97.96570510579447,69.14945973547219,49,0,0,2025-03-15
2942,83.33504620771802,94.2568215388452,26,0,0,2025-03-31
2943,94.40479795200824,85.01331933624752,72,0,0,2025-03-20
2944,86.09496894002189,66.46679382102107,66,0,0,2025-02-12
2945,91.2405702822156,90.91460766222244,84,0,0,2025-01-27
2946,76.52308610184332,95.00323845804817,85,0,0,2025-03-03
2947,88.852094496339,77.78648136797383,92,0,0,2025-03-08
2948,58.08864029099277,98.99099824306268,81,0,0,2025-02-11
2949,86.13103841838016,64.99883911852963,17,0,0,2025-01-23
2950,71.6952675628486,67.06292624260428,95,0,0,2025-03-04
2951,100.0,86.63916874706503,51,0,0,2025-02-20
2952,95.77407352764511,85.30462333566726,99,0,0,2025-02-26
2953,92.66670981966081,76.40111813891073,19,0,0,2025-03-22
2954,100.0,94.71513323166263,98,0,0,2025-02-16
2955,78.51083479175162,91.37073177059139,15,0,0,2025-01-21
2956,100.0,95.29766885120819,38,0,0,2025-01-22
2957,97.32191564260384,83.52236277577279,7,0,0,2025-02-05
2958,85.63444712781055,92.23096321574009,90,0,0,2025-01-16
2959,99.35620147182944,79.65219636364006,95,0,0,2025-02-10
2960,76.93706487588366,100.0,72,0,0,2025-02-20
2961,79.75485838472326,75.24945075853617,97,1,1,2025-03-01
2962,81.914102767603,100.0,85,0,0,2025-02-09
2963,82.71022291935985,85.41865536507291,87,0,0,2025-03-26
2964,77.43442357239748,68.49386932517508,95,0,0,2025-03-19
2965,100.0,100.0,49,1,0,2025-01-01
2966,85.41145599630168,86.51081666073951,59,0,0,2025-01-28
2967,91.5250496835688,95.21348918056286,97,0,0,2025-03-31
2968,82.2964863358632,99.68627102251112,96,0,1,2025-03-08
2969,69.79396699451483,89.05546664974031,99,0,0,2025-01-15
2970,90.70057358391422,77.89310986224622,96,0,0,2025-02-22
2971,68.87745024580224,96.708560532031,21,1,0,2025-02-02
2972,87.31365953914532,85.00906608945515,94,0,0,2025-02-28
2973,74.3168496116719,93.23029382330103,68,0,0,2025-03-05
2974,100.0,59.155233114502465,99,0,0,2025-03-21
2975,97.11362722174722,90.36378060411822,78,0,0,2025-01-30
2976,89.0575379127148,77.33697009825964,83,0,0,2025-01-24
2977,100.0,100.0,82,0,0,2025-03-19
2978,79.53684022534264,92.47704817466914,53,0,0,2025-02-22
2979,93.43479378670094,87.87829295019156,12,1,0,2025-03-09
2980,89.99810433718713,90.83571992020266,96,0,0,2025-03-19
2981,90.6402008133367,73.01870976547939,93,0,0,2025-03-31
2982,100.0,100.0,23,0,0,2025-03-22
2983,95.32492102779803,100.0,93,0,0,2025-01-22
2984,90.88723662825024,89.7149621265786,87,0,0,2025-03-28
2985,71.45112563771704,100.0,68,1,0,2025-01-18
2986,78.39953704720537,78.17022161592959,42,0,0,2025-03-27
2987,86.77291066404275,75.43463720530023,95,0,0,2025-01-03
2988,88.93372374276652,85.49109698474707,90,0,0,2025-01-21
2989,76.69796275326075,90.21929246041478,83,0,0,2025-01-23
2990,100.0,80.27215982508255,86,0,0,2025-02-27
2991,100.0,91.45321828442181,15,0,0,2025-01-01
2992,94.02118320392483,88.67667378488096,78,1,0,2025-03-09
2993,88.72036861283745,73.02031869650735,32,0,0,2025-01-31
2994,85.87791030098849,91.22551620942066,34,0,0,2025-02-08
2995,78.48081539977764,95.36233891025826,89,0,0,2025-03-22
2996,88.77480518518863,87.05763181108469,97,0,0,2025-01-29
2997,90.57752540142751,98.83177723914031,67,0,0,2025-01-27
2998,75.58239424518376,70.39115447803658,34,0,0,2025-02-01
2999,91.34176417244898,90.61540506558222,88,0,0,2025-03-23
3000,86.44740951175251,70.9566315232387,95,0,1,2025-03-08
